trainer,rank_doubles,rank_doubles_cursed_excluded,rank_delta,rating_doubles,rating_doubles_cursed_excluded,rating_delta,battles_doubles,battles_doubles_cursed_excluded
RICHBOY4:Darlvon,73,61,12,2009.33,2246.86,237.53,548,483
MASKEDVILLAIN2:Teal#16,56,66,-10,2040.84,2241.89,201.05,548,483
MASKEDVILLAIN2:Teal#18,107,117,-10,1889.41,2110.39,220.98,548,483
MASKEDVILLAIN2_DOUBLE:Teal#12,64,74,-10,2019.19,2224.91,205.72,548,483
POKEMONMASTER_Vanya:Vanya#3,82,72,10,1977.63,2228.68,251.05,548,483
POKEMONMASTER_Vanya:Vanya#5,65,75,-10,2018.76,2223.66,204.9,548,483
WORKER5:Jbsundown,101,111,-10,1903.82,2126.67,222.85,548,483
CHALLENGER_Vanya:Vanya#8,68,77,-9,2014.98,2219.66,204.68,548,483
GAMBLER:IgnitedxSoul,99,107,-8,1911.02,2137.13,226.11,548,483
POKEMONMASTER_Vanya:Vanya#15,110,102,8,1885.83,2142.59,256.76,548,483
RICHBOY:Splitmoon,83,91,-8,1970.17,2191.18,221.01,548,483
IDEALTRAINER:of Brilliance,40,47,-7,2079.18,2266.99,187.81,548,483
IDEALTRAINER:of Freedom,46,39,7,2064.91,2285.68,220.77,548,483
WILDPACK:Cosmic,117,110,7,1871.65,2130.69,259.04,548,483
ANOTHERPOSSIBLEALESSA:Alessa,35,29,6,2088.19,2315.16,226.97,548,483
ARTIST3:Drawingbox,148,142,6,1757.54,2000.82,243.28,548,483
IDEALTRAINER:of Beauty,104,98,6,1900.2,2154.24,254.04,548,483
PSYCHIC_F3:Felicia,159,153,6,1735.17,1978.9,243.73,548,483
SCIENTIST_F:LunaFlare,20,14,6,2177.8,2418.96,241.16,548,483
TRAINER_Keoni:Keoni#2,74,68,6,2007.47,2241.89,234.42,548,483
TRAINER_Sang:Sang#4,44,38,6,2072.78,2290.69,217.91,548,483
WAITRESS2:Fanfan,70,64,6,2011.24,2242.92,231.68,548,483
ARTIFICIALTRAINER:Solitaire,296,291,5,1333.07,1336.98,3.91,548,483
GAMBLER:Tiki,136,131,5,1784.99,2034.59,249.6,548,483
HEXMANIAC_1:Riptide#1,95,100,-5,1920.68,2151.54,230.86,548,483
MASKEDVILLAIN2:Teal#20,131,136,-5,1807.28,2017.65,210.37,548,483
MASKEDVILLAIN:Crimson#14,85,80,5,1968.79,2209.62,240.83,548,483
NINJABOY:Hwan,401,406,-5,866.87,757.36,-109.51,548,483
POKEMONMASTER_Vanya:Vanya#18,57,52,5,2040.84,2261.95,221.11,548,483
POKEMONTRAINER_Yezera:Yezera#6,145,150,-5,1763.52,1988.3,224.78,548,483
POKEMONTRAINER_Yezera:Yezera#8,62,57,5,2029.76,2248.52,218.76,548,483
PUNKM:ValourDyke,13,18,-5,2193.4,2400.61,207.21,548,483
SPIRITGUARDIAN4:Brigitte,72,67,5,2011.19,2241.89,230.7,548,483
SWIMMER_F6:Kiana,239,234,5,1500.57,1620.65,120.08,548,483
WILDPARTY_FINI:of Hope,171,166,5,1693.94,1922.4,228.46,548,483
BIRDKEEPER_F:Danika,163,167,-4,1712.03,1919.82,207.79,548,483
BLACKBELT:Leo,108,112,-4,1887.82,2122.63,234.81,548,483
BURGLAR:Martino,105,101,4,1896.59,2146.5,249.91,548,483
COOLTRAINER_M7:X,34,30,4,2095.38,2314.22,218.84,548,483
ELDER:Logun,29,33,-4,2111.75,2305.41,193.66,548,483
GUITARIST3:Jamie,322,326,-4,1222.45,1166.66,-55.79,548,483
IDEALTRAINER:of Riches,113,109,4,1878.72,2130.69,251.97,548,483
KILLU:Killu,41,37,4,2077.38,2290.69,213.31,548,483
LADY2:Eseria,24,28,-4,2139.9,2323.45,183.55,548,483
LEADER_Bence:Bence#2,37,41,-4,2084.59,2283.17,198.58,548,483
LOST_RANGER_BLUE:Farid,206,202,4,1576.22,1754.45,178.23,548,483
MASKEDVILLAIN2:Teal#10,75,71,4,2003.74,2228.68,224.94,548,483
MASKEDVILLAIN:Crimson#10,180,184,-4,1660.36,1851.96,191.6,548,483
MASKEDVILLAIN:Crimson#18,109,105,4,1885.83,2138.65,252.82,548,483
MASKEDVILLAIN_DOUBLE:Crimson#12,78,82,-4,1992.55,2205.13,212.58,548,483
NIGHTMARE_TRAINER:Torment,217,213,4,1551.25,1705.71,154.46,548,483
POKEMONMASTER_Vanya:Vanya#20,165,161,4,1711.82,1935.07,223.25,547,482
SCIENTIST_M4:Jacob,143,147,-4,1764.65,1995.11,230.46,548,483
TRAINER_Alessa:Alessa#6,17,13,4,2186.39,2420.57,234.18,548,483
TRAINER_Zain:Zain#2,38,42,-4,2084.23,2282.85,198.62,548,483
WILDPACK:Frigid,149,145,4,1757.54,1996.63,239.09,548,483
WILDPACK:Muggy,150,146,4,1754.57,1996.63,242.06,548,483
ANOTHERPOSSIBLETAMARIND:Tamarind,59,62,-3,2038.95,2245.2,206.25,548,483
ANOTHERPOSSIBLEZAIN:Zain#1,91,88,3,1949.72,2192.93,243.21,548,483
AROMALADY:Cheshire,406,403,3,858.21,757.36,-100.85,548,483
BACKPACKER_F:Aiyana,407,404,3,858.21,757.36,-100.85,548,483
BIRDKEEPER_M2:Vlasta,172,169,3,1693.35,1915.93,222.58,548,483
BURGLAR:Devin,141,138,3,1772.24,2012.08,239.84,548,483
COOLTRAINER_M3:Dada,92,95,-3,1947.34,2166.51,219.17,548,483
DANDY:Roger,167,170,-3,1703.76,1913.16,209.4,548,483
DRAGONTAMER_F:Bella,96,93,3,1918.38,2180.42,262.04,548,483
EXPERTF:Kimiko,156,159,-3,1740.19,1951.47,211.28,548,483
FORMERCHAMP_Casey:Casey,102,99,3,1901.97,2152.29,250.32,548,483
FORMERCHAMP_Chara:Chara,31,34,-3,2109.59,2302.53,192.94,548,483
IDEALTRAINER:of Colors,154,157,-3,1744.95,1969.0,224.05,548,483
IDEALTRAINER:of Days,112,115,-3,1882.27,2114.49,232.22,548,483
JUGGLER:Youcef,289,286,3,1348.84,1351.7,2.86,548,483
LEADER_Eko:Eko#2,50,53,-3,2057.33,2258.56,201.23,548,483
POKEMONMASTER_Vanya:Vanya#1,89,86,3,1957.83,2195.88,238.05,548,483
POKEMONMASTER_Vanya:Vanya#14,66,69,-3,2016.87,2240.12,223.25,548,483
POKEMONMASTER_Vanya:Vanya#16,111,108,3,1885.83,2134.68,248.85,548,483
POKEMONMASTER_Vanya:Vanya#8,103,106,-3,1901.97,2138.65,236.68,548,483
POKEMONMASTER_Vanya:Vanya#9,93,90,3,1940.45,2191.18,250.73,548,483
POKEMONRANGER_M2:Connor,404,407,-3,862.54,757.36,-105.18,548,483
RICHCOUPLE:Diana and Edward,183,180,3,1652.9,1869.59,216.69,548,483
ROUGHNECK2:Jaggedthorn,81,84,-3,1979.65,2202.88,223.23,548,483
ROUGHNECK:Reese,326,329,-3,1217.17,1159.93,-57.24,548,483
SUPERNERD:Agentbla,52,55,-3,2055.54,2255.19,199.65,548,483
SWIMMER_F2:Astrid,238,241,-3,1500.57,1597.07,96.5,548,483
TAPU_BULU:Tapu Bulu,28,25,3,2127.21,2343.34,216.13,548,483
TAPU_FINI:Tapu Fini,100,103,-3,1908.16,2142.17,234.01,548,483
TAPU_LELE:Tapu Lele,61,58,3,2037.15,2248.52,211.37,548,483
TEACHER:Hilde,405,402,3,862.54,763.18,-99.36,548,483
WAITER:Aaron,53,50,3,2055.54,2265.38,209.84,548,483
WAITRESS3:Destiny,9,12,-3,2208.79,2433.7,224.91,548,483
WILDPACK:Arid,169,172,-3,1695.97,1904.38,208.41,548,483
WILDPACK:Lunar,130,127,3,1813.32,2055.84,242.52,548,483
ANCIENTPRIEST:Kazmilos,253,255,-2,1458.66,1524.36,65.7,548,483
ANOTHERPOSSIBLEALESSA:Alessa#1,26,24,2,2134.21,2348.46,214.25,548,483
ANOTHERPOSSIBLEZAIN:Zain,106,104,2,1889.41,2138.65,249.24,548,483
BACKERS_F:Maria and Iveta,203,205,-2,1583.25,1746.48,163.23,548,483
BEAUTY2:Enisa,428,426,2,774.71,636.71,-138.0,548,483
BIKER:Knoxx,244,242,2,1490.91,1592.31,101.4,548,483
BIRDKEEPER_F:Amanda,403,405,-2,862.54,757.36,-105.18,548,483
BIRDKEEPER_M2:Bernhard,355,357,-2,1124.23,1049.83,-74.4,548,483
BUTLER:Sagan,175,173,2,1672.46,1892.54,220.08,547,482
CAMPER_F:Tanya,252,250,2,1468.38,1553.71,85.33,548,483
CHALLENGER_Vanya:Vanya#1,416,418,-2,812.27,679.68,-132.59,548,483
CHALLENGER_Vanya:Vanya#2,402,400,2,864.75,766.33,-98.42,548,483
CLERK_M2:Alejandro,384,382,2,965.97,886.65,-79.32,548,483
COLLECTOR:Mirko,313,315,-2,1248.06,1195.69,-52.37,548,483
COOLTRAINER_F7:Milja,294,296,-2,1336.26,1322.29,-13.97,548,483
COOLTRAINER_F7:Nyx,179,177,2,1667.01,1881.66,214.65,548,483
COOLTRAINER_M7:Emir,232,230,2,1510.06,1634.58,124.52,548,483
CRIMINALTEAM:Gianna and Rocco,174,176,-2,1673.21,1887.66,214.45,548,483
CYCLIST_F2:Lukka,275,273,2,1393.71,1420.64,26.93,548,483
DANDY:Charles,418,416,2,810.21,690.04,-120.17,548,483
DOCTOR:Peio,341,339,2,1169.04,1108.87,-60.17,548,483
DRAGONTAMER2:Abraham,146,148,-2,1763.36,1992.46,229.1,548,483
FAIRYTALEGIRL:Emmi,33,35,-2,2102.49,2298.5,196.01,548,483
FIREBREATHER:Bradley,272,274,-2,1396.57,1415.7,19.13,548,483
FORMERCHAMP_Elise:Elise,19,21,-2,2181.26,2385.94,204.68,548,483
GAMBLER:Gregor,446,444,2,685.54,500.41,-185.13,548,483
GENTLEMAN:Nicholas,250,252,-2,1468.79,1543.96,75.17,548,483
HEXMANIAC:Lichenprincess,128,130,-2,1816.19,2038.84,222.65,548,483
HEXMANIAC_1:Riptide,216,218,-2,1551.33,1692.89,141.56,548,483
HIKER:Valrex,51,49,2,2055.54,2265.38,209.84,548,483
HOOPSTER:Jerel,425,427,-2,779.19,636.71,-142.48,548,483
IDEALTRAINER:of Conquest,116,114,2,1873.32,2121.18,247.86,548,483
IDOL:Teagan,325,323,2,1218.73,1171.49,-47.24,548,483
JANITOR:Eric,324,322,2,1221.94,1175.65,-46.29,548,483
JANITOR:Steeb,71,73,-2,2011.19,2225.36,214.17,548,483
JUGGLER:Brickbat,114,116,-2,1878.72,2110.39,231.67,548,483
LADY3:Kristiane,338,340,-2,1172.94,1108.87,-64.07,548,483
LADY4:Pria,133,135,-2,1791.28,2026.11,234.83,548,483
LEADER_Lambert:Lambert#2,67,65,2,2015.21,2241.89,226.68,548,483
LEADER_Samorn:Samorn,115,113,2,1876.89,2122.63,245.74,548,483
LEADER_Victoire:Victoire,173,175,-2,1688.13,1889.18,201.05,548,483
MAID:Alice,442,440,2,707.71,537.27,-170.44,548,483
MAID:Wendy,185,183,2,1650.59,1851.96,201.37,548,483
MASKEDVILLAIN2_DOUBLE:Teal,122,124,-2,1835.75,2078.7,242.95,548,483
MASKEDVILLAIN:Crimson#2,230,232,-2,1517.1,1629.96,112.86,548,483
MASKEDVILLAIN:Crimson#22,7,5,2,2222.02,2480.47,258.45,548,483
MASKEDVILLAIN:Crimson#6,210,212,-2,1560.65,1713.85,153.2,548,483
NIGHTMAREQUEEN_Elise:Elise,15,17,-2,2189.89,2400.61,210.72,548,483
ODDISH:Oddium,5,3,2,2240.66,2505.63,264.97,548,483
POKEMONMASTER_Vanya:Vanya,134,132,2,1790.81,2028.58,237.77,548,483
POKEMONMASTER_Vanya:Vanya#10,90,92,-2,1953.36,2184.03,230.67,548,483
POKEMONMASTER_Vanya:Vanya#17,49,51,-2,2059.2,2261.95,202.75,548,483
POKEMONMASTER_Vanya:Vanya#21,87,89,-2,1962.72,2191.18,228.46,548,483
POKEMONMASTER_Vanya:Vanya#7,153,155,-2,1745.77,1975.89,230.12,548,483
POKEMONRANGER_F2_GANG:Mina,161,163,-2,1725.81,1931.56,205.75,548,483
POKEMONRANGER_M:Ivan,412,410,2,845.18,739.63,-105.55,548,483
POKEMONTRAINER_Vanya:Vanya#3,4,6,-2,2258.91,2480.47,221.56,548,483
POKEMONTRAINER_Yezera:Yezera#10,137,139,-2,1784.99,2009.21,224.22,548,483
PSYCHIC_F2:Ludmila,427,429,-2,779.19,636.71,-142.48,548,483
ROUGHNECK:Randall,339,341,-2,1172.94,1108.87,-64.07,548,483
RUINMANIAC2:Bernard,220,222,-2,1535.61,1670.78,135.17,548,483
SAILOR:Dom,147,149,-2,1760.52,1992.46,231.94,548,483
SCHOOLKID_F4:Lucia,213,215,-2,1553.85,1705.44,151.59,548,483
SCHOOLKID_GHOST:Honesty,284,282,2,1361.15,1371.35,10.2,548,483
SCIENTIST_F:Natasha,383,385,-2,970.26,876.53,-93.73,548,483
SCIENTIST_F:Zofia,327,325,2,1216.46,1168.5,-47.96,548,483
SCIENTIST_M2:Marco,340,338,2,1169.26,1109.28,-59.98,548,483
SEEKER_Nora:Nora,176,174,2,1670.77,1891.27,220.5,548,483
SMASHER:Stella,350,348,2,1133.33,1070.53,-62.8,548,483
SPIRITGUARDIAN3:Preeti,11,9,2,2200.46,2441.87,241.41,548,483
SWIMMER_F:Cosmina,223,225,-2,1531.01,1661.87,130.86,548,483
SWIMMER_M3:Diego,256,254,2,1458.66,1529.27,70.61,548,483
TAPU_KOKO:Tapu Koko,30,32,-2,2111.7,2307.99,196.29,548,483
TRAINER_Alessa:Alessa,441,443,-2,709.99,532.84,-177.15,548,483
TRAINER_Alessa:Alessa#5,233,235,-2,1509.6,1620.65,111.05,548,483
TRAINER_Eifion:Eifion#3,47,45,2,2064.66,2275.9,211.24,548,483
VANYADAD:Avram,221,219,2,1535.41,1679.43,144.02,548,483
WILDPARTY_LELE:of Life,127,129,-2,1817.08,2047.34,230.26,548,483
WORKER3:Seamus,306,308,-2,1283.3,1244.23,-39.07,548,483
WORKER:Bryn,361,359,2,1109.01,1046.63,-62.38,548,483
ANCIENTPRIEST:Dobromil,262,261,1,1440.5,1499.74,59.24,548,483
ANOTHERPOSSIBLETAMARIND:Tamarind#1,45,46,-1,2068.31,2273.08,204.77,548,483
ARCHFRIEND_Lainie:Lainie,55,56,-1,2042.69,2253.6,210.91,548,483
AROMALADY3:Henrietta,288,289,-1,1348.84,1346.79,-2.05,548,483
ARTIST3:Frida,293,294,-1,1339.43,1327.19,-12.24,548,483
ARTIST3_GHOST:Alicynthia,278,279,-1,1389.68,1403.87,14.19,548,483
BACKERS_M:Yanko and Orlando,261,262,-1,1445.75,1499.74,53.99,548,483
BAKER:Margerie,279,278,1,1384.24,1404.62,20.38,548,483
BEAUTY4:Brunhilda,235,236,-1,1505.33,1615.97,110.64,548,483
BEAUTY5:Esme,135,134,1,1784.99,2026.11,241.12,548,483
BEAUTY:Kryssa,303,304,-1,1298.88,1271.42,-27.46,548,483
BIKER2:Chuck,343,342,1,1161.19,1099.27,-61.92,548,483
BIRDKEEPER_M:Kendall,316,317,-1,1242.02,1190.62,-51.4,548,483
BLACKBELT:Kai,225,224,1,1526.4,1661.87,135.47,548,483
BUGCATCHER2:Rangsan,224,223,1,1530.86,1662.01,131.15,548,483
BUGCATCHER_F:Lovina,400,401,-1,866.87,763.18,-103.69,548,483
BURGLAR:Keith,356,355,1,1121.22,1051.41,-69.81,548,483
CAMPER_F:Veronica,329,328,1,1211.24,1161.83,-49.41,548,483
CEO:Beatrice,309,310,-1,1269.4,1224.79,-44.61,548,483
CHALLENGER_Vanya:Vanya#4,300,299,1,1316.9,1297.85,-19.05,548,483
CHALLENGER_Vanya:Vanya#6,205,206,-1,1578.73,1746.48,167.75,548,483
CHALLENGER_Vanya:Vanya#7,188,187,1,1639.67,1839.82,200.15,548,483
CHEF:Gordon,202,203,-1,1583.36,1750.45,167.09,548,483
CLERK_F:Lily,440,441,-1,709.99,532.84,-177.15,548,483
CLERK_F:Rosalie,298,297,1,1326.65,1312.51,-14.14,548,483
CLERK_M2:Papper,88,87,1,1960.89,2194.71,233.82,548,483
CLERK_M:Scott,236,237,-1,1502.95,1615.97,113.02,548,483
CLOWN:Dimesmart,349,350,-1,1133.52,1066.14,-67.38,548,483
CLOWN:Klemens,399,398,1,875.53,774.68,-100.85,548,483
COOLTRAINERSQUAD_2:Shouta and Kaede,138,137,1,1781.87,2013.43,231.56,548,483
COOLTRAINER_F7:Blaire,282,283,-1,1363.29,1365.03,1.74,548,483
COOLTRAINER_F:Reina,264,265,-1,1437.86,1489.86,52.0,548,483
COOLTRAINER_M7:Nero,97,96,1,1914.72,2165.64,250.92,548,483
COOLTRAINER_M7:Xander,438,439,-1,714.77,540.75,-174.02,548,483
CYCLIST_F:Anastasia,307,306,1,1279.85,1249.1,-30.75,548,483
CYCLIST_M:Mitron,411,412,-1,847.48,737.26,-110.22,548,483
DANDY:Jules,283,284,-1,1361.15,1361.52,0.37,548,483
DITTO_AROMALADY:Cindalice,379,380,-1,987.37,896.69,-90.68,548,483
DITTO_CAMPER:Johnate,377,378,-1,1000.17,911.6,-88.57,548,483
DITTO_HIKER:Kevinick,380,379,1,987.37,901.67,-85.7,548,483
DITTO_RANGER:Hannamy,378,377,1,1000.17,916.54,-83.63,548,483
DOCTOR:Renaldo,242,243,-1,1493.37,1587.53,94.16,548,483
DRAGONTAMER:Arthur,184,185,-1,1650.59,1848.28,197.69,548,483
DRAGONTAMER:Georgius,439,438,1,714.77,548.58,-166.19,548,483
DRAGONTAMER_F:Zinnia,80,81,-1,1985.09,2205.13,220.04,548,483
ELDER:Huy,240,239,1,1498.18,1601.82,103.64,548,483
FAIRYTALEGIRL:Madeline,177,178,-1,1670.29,1881.66,211.37,548,483
FORMERCHAMP_Ansel:Ansel,39,40,-1,2079.2,2285.63,206.43,548,483
FORMERCHAMP_Elise:Elise#1,21,20,1,2168.68,2388.16,219.48,548,483
FORMERCHAMP_Praveen:Praveen,32,31,1,2109.59,2310.85,201.26,548,483
FORMERCHAMP_Vincent:Vincent,22,23,-1,2148.66,2351.23,202.57,548,483
GARDENER:Bud,199,200,-1,1596.82,1770.65,173.83,548,483
GARDENER:Jacek,359,360,-1,1110.98,1039.33,-71.65,548,483
GENTLEMAN3:Oliver,299,300,-1,1319.0,1296.1,-22.9,548,483
HARLEQUIN:Minty,69,70,-1,2013.18,2235.29,222.11,548,483
HEXMANIAC_GHOST:Juno,291,292,-1,1342.58,1332.08,-10.5,548,483
HIKER2:Rhys,234,233,1,1507.69,1620.65,112.96,548,483
IDEALTRAINER:of Tradition,129,128,1,1815.22,2054.51,239.29,548,483
JOGGER:Georgio,394,393,1,897.13,808.18,-88.95,548,483
JUGGLER:Mikael,273,272,1,1396.57,1425.58,29.01,548,483
KATY:Manycrows,43,44,-1,2073.76,2279.51,205.75,548,483
KIMONOGIRL:Chiyo,241,240,1,1497.66,1601.82,104.16,548,483
LASS3:Carmen,297,298,-1,1329.87,1312.51,-17.36,548,483
LASS:Rovina,270,271,-1,1416.23,1455.24,39.01,548,483
LASS:Tara,429,428,1,774.71,636.71,-138.0,548,483
LEADER_Eko:Eko,421,420,1,796.98,670.51,-126.47,548,483
LEADER_Helena:Helena,389,390,-1,935.91,845.6,-90.31,548,483
LEADER_Zoe:Zoé,357,356,1,1121.22,1051.41,-69.81,548,483
LINEBACKER:Josh,444,445,-1,690.5,500.41,-190.09,548,483
LOST_RANGER_GREEN:Farid,200,199,1,1595.04,1773.83,178.79,548,483
LOST_RANGER_PURPLE:Farid,189,190,-1,1636.23,1833.57,197.34,548,483
MASKEDVILLAIN2:Teal#14,77,78,-1,1992.55,2218.69,226.14,548,483
MASKEDVILLAIN2:Teal#2,187,188,-1,1641.68,1837.25,195.57,548,483
MASKEDVILLAIN2:Teal#22,12,11,1,2193.4,2434.62,241.22,548,483
MASKEDVILLAIN2:Teal#4,142,143,-1,1766.54,2000.82,234.28,548,483
MASKEDVILLAIN2:Teal#6,155,154,1,1743.86,1978.76,234.9,548,483
MASKEDVILLAIN2:Teal#8,123,122,1,1830.37,2085.43,255.06,548,483
MASKEDVILLAIN:Crimson#20,132,133,-1,1796.5,2028.07,231.57,548,483
MASKEDVILLAIN:Crimson#8,190,189,1,1636.23,1837.25,201.02,548,483
MASKEDVILLAIN_Sang:Silver,212,211,1,1558.38,1718.02,159.64,548,483
MEDIUM:Paula,243,244,-1,1491.28,1583.38,92.1,548,483
NIGHTMARE_TRAINER:Agony,219,220,-1,1535.61,1675.2,139.59,548,483
NURSE:Ellen,382,383,-1,970.26,881.6,-88.66,548,483
OFFICEWORKER_M:Kurt,246,245,1,1481.2,1573.11,91.91,548,483
PARASOLLADY:Clarissa,398,399,-1,876.73,769.17,-107.56,548,483
PILOT:Kurtis,211,210,1,1560.65,1722.16,161.51,548,483
POKEFAN_F3:Margaret,385,384,1,961.68,876.53,-85.15,548,483
POKEMANIAC:Paris,393,394,-1,905.76,808.18,-97.58,548,483
POKEMONBREEDER_F:Miss Zesty,124,123,1,1827.02,2085.43,258.41,548,483
POKEMONCHAMPION_Vanya:Vanya,14,15,-1,2192.05,2407.12,215.07,548,483
POKEMONMASTER_Vanya:Vanya#11,86,85,1,1962.72,2198.21,235.49,548,483
POKEMONMASTER_Vanya:Vanya#13,119,118,1,1861.14,2110.39,249.25,548,483
POKEMONMASTER_Vanya:Vanya#19,42,43,-1,2075.57,2281.46,205.89,548,483
POKEMONMASTER_Vanya:Vanya#6,118,119,-1,1868.13,2093.81,225.68,548,483
POKEMONRANGER_F2:Amahle,426,425,1,779.19,643.6,-135.59,548,483
POKEMONRANGER_M2_GANG:Terrance,98,97,1,1914.72,2161.87,247.15,548,483
POKEMONRANGER_M3:Grant,304,303,1,1297.67,1274.3,-23.37,548,483
POKEMONRANGER_M:Alastar,222,221,1,1533.31,1670.78,137.47,548,483
POKEMONRANGER_M:Zufaix,23,22,1,2142.98,2352.42,209.44,548,483
POKEMONTRAINER_Vanya:Vanya,25,26,-1,2137.7,2328.73,191.03,548,483
POKEMONTRAINER_Vanya:Vanya#2,1,2,-1,2301.91,2529.33,227.42,548,483
POKEMONTRAINER_Yezera:Yezera#2,409,408,1,849.52,745.59,-103.93,548,483
PUNKM:Vlad,308,307,1,1276.39,1244.23,-32.16,548,483
REPORTER:Helga,410,411,-1,849.52,739.63,-109.89,548,483
RICHBOY2:Theodore,447,448,-1,675.48,475.2,-200.28,548,483
RICHBOY3:Ryan,254,253,1,1458.66,1529.27,70.61,548,483
ROUGHNECK2:Flavio,342,343,-1,1169.04,1099.27,-69.77,548,483
RUINMANIAC2:Nabil,265,264,1,1437.45,1493.96,56.51,548,483
RUINMANIAC:Colby,286,287,-1,1355.03,1351.7,-3.33,548,483
RUINMANIAC:Matteo,274,275,-1,1396.57,1415.7,19.13,548,483
SAGE:Takeshi,170,171,-1,1695.03,1908.22,213.19,548,483
SAILOR2:Noah,352,351,1,1129.3,1065.75,-63.55,548,483
SCHOOLKID_F3:Dinah,255,256,-1,1458.66,1524.36,65.7,548,483
SCHOOLKID_M:Louis,445,446,-1,687.89,495.78,-192.11,548,483
SCIENTIST_F3:Viola,360,361,-1,1109.01,1037.08,-71.93,548,483
SCIENTIST_M3:Gunter,178,179,-1,1668.64,1879.57,210.93,548,483
SHADOWMAVIS:Mavis,139,140,-1,1774.78,2009.21,234.43,548,483
SKIER_F:Natalia,317,316,1,1240.82,1195.69,-45.13,548,483
SUPERNERD:John,310,309,1,1265.89,1229.65,-36.24,548,483
SUSPICIOUSMAN:Tommaso,193,194,-1,1620.63,1805.29,184.66,548,483
SWIMMER_F3:Bree,287,288,-1,1355.03,1351.7,-3.33,548,483
SWIMMER_F5:Shreya,237,238,-1,1502.95,1611.27,108.32,548,483
SWIMMER_M2:Finn,351,352,-1,1131.19,1063.14,-68.05,548,483
SWIMMER_M4:Jan,328,327,1,1214.99,1166.66,-48.33,548,483
TEENAGERF:Naomi,443,442,1,705.17,532.84,-172.33,548,483
TOURISTF:Mariana,420,421,-1,801.4,670.51,-130.89,548,483
TOURISTM:Azeler,2,1,1,2281.79,2545.71,263.92,548,483
TOURISTM:Calvin,166,165,1,1710.28,1928.11,217.83,548,483
TOURISTM:Chus,6,7,-1,2233.51,2467.22,233.71,548,483
TRAINER_Alessa:Alessa#2,292,293,-1,1342.58,1332.08,-10.5,548,483
TRAINER_Candy:Candy,314,313,1,1248.06,1210.23,-37.83,548,483
TRAINER_Candy:Candy#1,3,4,-1,2260.23,2505.63,245.4,548,483
TRAINER_Eifion:Eifion,390,389,1,935.91,850.82,-85.09,548,483
TRAINER_Imogene_A:Imogene#1,84,83,1,1970.17,2205.13,234.96,548,483
TRAINER_Keoni:Keoni,448,447,1,673.34,480.47,-192.87,548,483
TRAINER_Sang:Sang#2,140,141,-1,1772.3,2008.18,235.88,548,483
TRAINER_Skyler:Skyler,58,59,-1,2039.66,2248.52,208.86,548,483
TUBER_F2:Hana,271,270,1,1416.23,1460.19,43.96,548,483
TUBER_M:Derek,323,324,-1,1222.45,1171.49,-50.96,548,483
TWINS2:Bella and Meghan,348,349,-1,1139.25,1067.94,-71.31,548,483
ULTRALAINIE:Lainie,18,19,-1,2186.39,2400.61,214.22,548,483
VANYAMOM:Vidya,194,193,1,1619.82,1818.84,199.02,548,483
VETERANM:Taro,195,196,-1,1608.28,1789.04,180.76,548,483
VETERANM:Yoshihiro,245,246,-1,1483.65,1573.11,89.46,548,483
VETERANM_2:Roy,196,195,1,1603.7,1796.55,192.85,548,483
VETERANM_3:Pearce,218,217,1,1549.31,1696.93,147.62,548,483
VETERAN_F:Emily,215,216,-1,1551.58,1705.44,153.86,548,483
VETERAN_F:Genevieve,408,409,-1,851.65,742.34,-109.31,548,483
WILDPARTY_BULU:of Abundance,157,156,1,1739.99,1971.78,231.79,548,483
WORKER2:Hugo,315,314,1,1247.16,1199.13,-48.03,548,483
WORKER:Kevin,422,423,-1,796.98,663.88,-133.1,548,483
YOUNGSTER3:Sorin,423,422,1,796.98,670.51,-126.47,548,483
ANCIENTPRIEST:Chestibor,276,276,0,1390.82,1410.76,19.94,548,483
ANCIENTPRIEST:Radzayac,209,209,0,1560.65,1722.16,161.51,548,483
AROMALADY:Hannah,474,474,0,499.69,188.21,-311.48,548,483
ARTIFICIALTRAINER:Doppel,207,207,0,1573.86,1742.76,168.9,545,480
ARTIFICIALTRAINER:Trinity,227,227,0,1521.97,1649.61,127.64,547,482
ARTIST2:Frank,285,285,0,1358.1,1351.7,-6.4,548,483
ARTIST4:Rabah,258,258,0,1450.95,1514.53,63.58,548,483
ARTIST:Arnold,311,311,0,1263.41,1216.31,-47.1,548,483
ARTIST:Evan,473,473,0,507.06,200.98,-306.08,548,483
BACKPACKER_F:Mia,290,290,0,1346.16,1342.64,-3.52,548,483
BACKPACKER_M:Freedom,417,417,0,810.21,683.59,-126.62,548,483
BAKER:Rose,452,452,0,649.52,440.34,-209.18,548,483
BATTLEGIRL2:Juniper,198,198,0,1596.86,1773.83,176.97,548,483
BATTLEGIRL2:Yumei,302,302,0,1301.36,1275.14,-26.22,548,483
BATTLEGIRL3:Amelia,214,214,0,1551.58,1705.44,153.86,548,483
BATTLEGIRL3:Kryska,365,365,0,1084.33,1008.42,-75.91,548,483
BATTLEGIRL:Eliza,469,469,0,535.4,249.3,-286.1,548,483
BATTLEGIRL:Tester,318,318,0,1228.7,1185.33,-43.37,548,483
BEAUTY3:Ester,312,312,0,1251.66,1210.23,-41.43,548,483
BEAUTY6:Brenda,267,267,0,1426.79,1475.03,48.24,548,483
BEAUTY:Gretchen,366,366,0,1071.88,994.06,-77.82,548,483
BLACKBELT2:Riccardo,229,229,0,1517.1,1639.18,122.08,548,483
BLACKBELT3:Philip,437,437,0,726.39,559.55,-166.84,548,483
BLACKBELT:Santiago,251,251,0,1468.45,1543.99,75.54,548,483
BOARDER:Alex,391,391,0,918.69,824.41,-94.28,548,483
BOARDER:Lev,386,386,0,957.39,866.32,-91.07,548,483
BUGCATCHER_F:April,158,158,0,1737.12,1959.55,222.43,548,483
BUGCATCHER_F:Caitlyn,479,479,0,452.69,104.26,-348.43,548,483
BURGLAR:Barret,434,434,0,738.27,579.12,-159.15,548,483
CAMERAMAN2:Octavio,332,332,0,1194.61,1136.16,-58.45,548,483
CAMERAMAN:Marcel,374,374,0,1017.18,936.15,-81.03,548,483
CAMPER:Christian,413,413,0,836.47,715.27,-121.2,548,483
CAMPER:Liam,367,367,0,1067.71,989.27,-78.44,548,483
CAMPER_M:Nick,228,228,0,1521.76,1643.76,122.0,548,483
CHALLENGER_Vanya:Vanya,459,459,0,616.5,385.11,-231.39,548,483
CHALLENGER_Vanya:Vanya#3,371,371,0,1038.34,955.58,-82.76,548,483
CHALLENGER_Vanya:Vanya#5,257,257,0,1456.11,1519.45,63.34,548,483
CHEF:Travis,453,453,0,649.52,440.34,-209.18,548,483
CLERK_M2:Marton,424,424,0,779.19,643.6,-135.59,548,483
CLERK_M2:Zoltan,395,395,0,892.82,797.17,-95.65,548,483
COLLECTOR:Emre,375,375,0,1017.18,936.15,-81.03,548,483
COOLTRAINER_F3:Leah,330,330,0,1207.47,1152.18,-55.29,548,483
COOLTRAINER_F7:Jade,387,387,0,957.39,866.32,-91.07,548,483
COWGIRL:Sasha,344,344,0,1157.24,1094.47,-62.77,548,483
DANCER:Isai,462,462,0,587.05,335.92,-251.13,548,483
DELINQUENT:Jeralyn,388,388,0,948.81,866.32,-82.49,548,483
DELINQUENT:Lilypad,48,48,0,2059.2,2265.38,206.18,548,483
DITTO_PROTRAINER:Xandevon,301,301,0,1316.9,1292.96,-23.94,548,483
DRAGONTAMER:Bataar,204,204,0,1580.99,1750.45,169.46,548,483
DRAGONTAMER:Georgius#1,335,335,0,1180.71,1123.28,-57.43,548,483
EXPERTM:Hiroshi,182,182,0,1659.25,1859.34,200.09,548,483
FAIRYTALEGIRL:Maja,432,432,0,742.9,586.57,-156.33,548,483
FIREBREATHER:Antonio,472,472,0,514.32,213.45,-300.87,548,483
FORMERCHAMP_Scilla:Scilla,27,27,0,2129.88,2328.39,198.51,548,483
GARDENER:Larry,152,152,0,1749.73,1982.68,232.95,548,483
GENTLEMAN3:D,260,260,0,1448.36,1504.67,56.31,548,483
GENTLEMAN:Wilfrid,480,480,0,452.69,104.26,-348.43,548,483
GUITARIST2:Alan,333,333,0,1192.27,1132.9,-59.37,548,483
GUITARIST2:Brady,370,370,0,1039.81,956.8,-83.01,548,483
GUITARIST3:Athena,208,208,0,1567.43,1726.27,158.84,548,483
GUITARIST3:Envy,63,63,0,2022.34,2245.2,222.86,548,483
GUITARIST3:Mai,414,414,0,818.99,702.77,-116.22,548,483
GUITARIST:Reece,466,466,0,562.0,294.02,-267.98,548,483
HARLEQUIN:Regis,162,162,0,1712.8,1933.65,220.85,548,483
HARLEQUIN:Vincenzi,458,458,0,618.89,388.75,-230.14,548,483
HARLEQUIN:Vincenzi#1,346,346,0,1149.32,1084.89,-64.43,548,483
HEXMANIAC:Errata,10,10,0,2207.57,2434.62,227.05,548,483
HIKER2:Jude,468,468,0,542.2,260.79,-281.41,548,483
HIKER:Dave,484,484,0,427.29,56.34,-370.95,548,483
IDEALTRAINER:of Origins,121,121,0,1839.59,2087.57,247.98,548,483
IDOL:Ishizu,433,433,0,742.9,586.57,-156.33,548,483
IRISCOSPLAYER:Isabelle,151,151,0,1751.62,1984.15,232.53,548,483
KIMONOGIRL:Haera,397,397,0,888.5,791.61,-96.89,548,483
LADY2:Rebecca,475,475,0,492.18,175.14,-317.04,548,483
LASS2:Faye,336,336,0,1180.71,1123.28,-57.43,548,483
LASS2:Sienna,483,483,0,444.37,88.79,-355.58,548,483
LASS4:Chloe,464,464,0,574.7,315.29,-259.41,548,483
LEADER_Bence:Bence,363,363,0,1096.71,1022.75,-73.96,548,483
LEADER_Helena:Helena#2,60,60,0,2037.2,2246.86,209.66,548,483
LEADER_Lambert:Lambert,461,461,0,599.06,355.98,-243.08,548,483
LEADER_Noel:Noel,226,226,0,1524.08,1657.38,133.3,548,483
LEADER_Rafael:Rafael,373,373,0,1021.43,941.02,-80.41,548,483
LEADER_Samorn:Samorn#2,36,36,0,2088.04,2296.82,208.78,548,483
LINEBACKER:Lorenzo,362,362,0,1102.44,1029.18,-73.26,548,483
MAID2:Maddie,266,266,0,1432.53,1489.86,57.33,548,483
MASKEDVILLAIN:Crimson#16,76,76,0,2000.01,2222.03,222.02,548,483
MASKEDVILLAIN:Crimson#4,201,201,0,1594.59,1766.12,171.53,548,483
MASKEDVILLAIN_DOUBLE:Crimson,192,192,0,1627.02,1822.53,195.51,548,483
MEDIUM:Izumi,197,197,0,1599.14,1785.26,186.12,548,483
MEDIUM:Theoni,435,435,0,738.27,579.12,-159.15,548,483
NINJABOY:Matthew,481,481,0,452.69,104.26,-348.43,548,483
NURSERYAIDE:Francesca,345,345,0,1153.29,1089.68,-63.61,548,483
PARASOLLADY2:Antoinette,186,186,0,1648.18,1848.28,200.1,548,483
PILOT:Charlie,259,259,0,1450.95,1514.53,63.58,548,483
POKEFAN_F2:Tsveta,419,419,0,801.4,677.08,-124.32,548,483
POKEFAN_F:Impi,320,320,0,1228.02,1178.76,-49.26,548,483
POKEFAN_M:Jamie,455,455,0,638.76,422.35,-216.41,548,483
POKEKID:Braden,430,430,0,763.64,612.66,-150.98,548,483
POKEMANIAC:Nikos,376,376,0,1017.18,931.27,-85.91,548,483
POKEMONBREEDER_F4:Sara,277,277,0,1390.19,1404.72,14.53,548,483
POKEMONBREEDER_M2:Pechapanda,231,231,0,1514.33,1634.58,120.25,548,483
POKEMONBREEDER_M4:Isaac,319,319,0,1228.41,1184.29,-44.12,548,483
POKEMONMASTER_Vanya:Vanya#12,125,125,0,1827.02,2072.79,245.77,548,483
POKEMONMASTER_Vanya:Vanya#4,120,120,0,1861.14,2089.63,228.49,548,483
POKEMONRANGER_F:Val,392,392,0,910.07,813.62,-96.45,548,483
POKEMONRANGER_F_GANG:Amber,191,191,0,1631.5,1829.89,198.39,548,483
POKEMONRANGER_M2:Martel,372,372,0,1037.74,954.21,-83.53,548,483
POKEMONRANGER_M4_GANG:Micah,168,168,0,1702.13,1917.99,215.86,548,483
POKEMONTRAINER_Vanya:Vanya#1,16,16,0,2187.77,2402.71,214.94,548,483
POKEMONTRAINER_Yezera:Yezera,456,456,0,633.29,413.2,-220.09,548,483
POKEMONTRAINER_Yezera:Yezera#4,334,334,0,1184.58,1128.09,-56.49,548,483
PROFESSOR_Tamarind:Tamarind,54,54,0,2050.09,2257.01,206.92,548,483
PSYCHIC_M2:Rohan,353,353,0,1125.26,1056.19,-69.07,548,483
PSYCHIC_M3:Boban,337,337,0,1177.98,1114.89,-63.09,548,483
PSYCHIC_M:Uriel,467,467,0,555.5,283.14,-272.36,548,483
REPORTER:Pesha,281,281,0,1370.22,1371.35,1.13,548,483
ROLLERSKATER_M:Lane Tester,476,476,0,492.18,175.14,-317.04,548,483
ROUGHNECK2:Robert,381,381,0,978.82,891.68,-87.14,548,483
RUINMANIAC:Spencer,450,450,0,660.06,449.2,-210.86,548,483
SAGE:Imay,454,454,0,649.52,440.34,-209.18,548,483
SAGE:Rennyo,470,470,0,535.4,249.3,-286.1,548,483
SAGE:Rennyo#1,354,354,0,1125.26,1056.19,-69.07,548,483
SAGE:Shion,369,369,0,1042.56,960.41,-82.15,548,483
SAILOR2:Angelo,248,248,0,1476.26,1558.58,82.32,548,483
SAILOR:Dylan,471,471,0,528.49,237.6,-290.89,548,483
SAILOR:Konrad,368,368,0,1059.35,979.67,-79.68,548,483
SCHOOLKID_F:Arya,436,436,0,728.95,571.6,-157.35,548,483
SCHOOLKID_M2:Branimir,449,449,0,665.25,466.63,-198.62,548,483
SCIENTIST_F3:Nkechi,164,164,0,1712.03,1931.56,219.53,548,483
SCIENTIST_F:Marie,451,451,0,654.82,449.2,-205.62,548,483
SCIENTIST_M2:Dexter,457,457,0,633.29,413.2,-220.09,548,483
SCIENTIST_M5:Sonatane,305,305,0,1290.98,1254.94,-36.04,548,483
SCIENTIST_M:Julien,364,364,0,1088.47,1013.27,-75.2,548,483
SKIER_F2:Valeriya,396,396,0,892.82,797.17,-95.65,548,483
SOCIALITE:Elizabeth,463,463,0,587.05,335.92,-251.13,548,483
SPIRITGUARDIAN2:Sonya,126,126,0,1817.08,2064.32,247.24,548,483
SWIMMER_F4:Yvonne,247,247,0,1478.74,1568.28,89.54,548,483
SWIMMER_M:Stannis,347,347,0,1145.34,1080.1,-65.24,548,483
TEENAGERM:Burke,263,263,0,1440.5,1494.8,54.3,548,483
TEENAGERM:Jonas,465,465,0,574.7,315.29,-259.41,548,483
TOURISTM:Francois,160,160,0,1727.62,1945.65,218.03,548,483
TRAINER_Alessa:Alessa#1,415,415,0,814.61,696.43,-118.18,548,483
TRAINER_Alessa:Alessa#3,79,79,0,1990.81,2218.69,227.88,548,483
TRAINER_Eifion:Eifion#1,94,94,0,1929.38,2176.77,247.39,548,483
TRAINER_Imogene_A:Imogene,460,460,0,605.03,365.73,-239.3,548,483
TRAINER_Imogene_B:Imogene,431,431,0,761.18,608.48,-152.7,548,483
TRAINER_Keoni:Keoni#1,331,331,0,1196.09,1142.53,-53.56,548,483
TRAINER_Zain:Zain,280,280,0,1376.18,1386.11,9.93,548,483
TUBER_F:Sophie,478,478,0,468.89,133.81,-335.08,548,483
TUBER_M:Peter,477,477,0,476.79,147.96,-328.83,548,483
VETERANM_2:Hadley,321,321,0,1226.15,1176.33,-49.82,548,483
VETERANM_2:Kirbae,8,8,0,2222.02,2456.83,234.81,548,483
WAITRESS:Carmilla,358,358,0,1113.09,1046.63,-66.46,548,483
WILDPACK:Solar,144,144,0,1764.65,1999.39,234.74,548,483
WILDPARTY_KOKO:of Conflict,181,181,0,1659.48,1869.2,209.72,548,483
WORKER3:Bruce,268,268,0,1424.44,1465.14,40.7,548,483
WORKER6:Paul,295,295,0,1336.26,1327.19,-9.07,548,483
YOUNGSTER2:Davor,249,249,0,1476.26,1558.58,82.32,548,483
YOUNGSTER:Buzim,269,269,0,1423.94,1464.17,40.23,548,483
YOUNGSTER:Harvey,482,482,0,452.69,104.26,-348.43,548,483
