trainer,rank_doubles,rank_doubles_uncursed,rank_delta,rating_doubles,rating_doubles_uncursed,rating_delta,battles_doubles,battles_doubles_uncursed
LEADER_Samorn:Samorn#1,34,150,-116,2177.97,1879.38,-298.59,548,536
MASKEDVILLAIN2:Teal#21,32,138,-106,2181.32,1932.87,-248.45,548,536
MASKEDVILLAIN2:Teal#19,38,119,-81,2162.04,1991.45,-170.59,548,536
MASKEDVILLAIN2:Teal#15,7,87,-80,2281.04,2070.19,-210.85,548,536
TRAINER_Zain:Zain#1,249,313,-64,1576.4,1437.68,-138.72,548,536
TRAINER_Zain:Zain#3,29,84,-55,2186.39,2072.02,-114.37,548,536
LEADER_Bence:Bence#3,3,57,-54,2378.53,2115.43,-263.1,548,536
MASKEDVILLAIN2:Teal#17,13,67,-54,2256.23,2097.51,-158.72,548,536
MASKEDVILLAIN:Crimson#11,151,200,-49,1864.33,1742.87,-121.46,548,536
TAPU_KOKO:Tapu Koko#1,31,78,-47,2184.83,2081.17,-103.66,548,536
MASKEDVILLAIN_DOUBLE:Crimson#1,166,209,-43,1803.75,1712.25,-91.5,548,536
MASKEDVILLAIN:Crimson#9,175,217,-42,1779.76,1697.85,-81.91,548,536
TRAINER_Sang:Sang#3,130,172,-42,1908.07,1813.18,-94.89,548,536
MASKEDVILLAIN2:Teal#9,80,121,-41,2048.21,1980.08,-68.13,548,536
LEADER_Noel:Noel#1,223,262,-39,1653.02,1557.18,-95.84,548,536
LEADER_Rafael:Rafael#1,363,401,-38,1244.45,1139.36,-105.09,548,536
POKEMONTRAINER_Yezera:Yezera#9,2,32,-30,2395.48,2178.6,-216.88,548,536
LEADER_Victoire:Victoire#1,167,196,-29,1800.83,1751.77,-49.06,548,536
MASKEDVILLAIN2:Teal#5,154,183,-29,1840.49,1787.23,-53.26,548,536
MASKEDVILLAIN:Crimson#5,203,232,-29,1711.33,1644.09,-67.24,548,536
MASKEDVILLAIN2_DOUBLE:Teal#13,9,37,-28,2275.53,2168.12,-107.41,548,536
MASKEDVILLAIN:Crimson#3,236,260,-24,1616.21,1562.54,-53.67,548,536
MASKEDVILLAIN:Crimson#7,217,241,-24,1669.35,1608.23,-61.12,548,536
ANOTHERPOSSIBLEALESSA:Alessa,58,35,23,2088.19,2171.61,83.42,548,536
MASKEDVILLAIN2:Teal#7,137,160,-23,1896.59,1842.28,-54.31,548,536
TAPU_LELE:Tapu Lele#1,40,63,-23,2151.63,2105.88,-45.75,548,535
TRAINER_Eifion:Eifion#3,71,48,23,2064.66,2134.6,69.94,548,536
KILLU:Killu,64,42,22,2077.38,2150.67,73.29,548,536
MASKEDVILLAIN:Crimson#19,88,110,-22,2033.5,2012.3,-21.2,548,536
IDEALTRAINER:of Freedom,70,50,20,2064.91,2124.44,59.53,548,536
MASKEDVILLAIN:Crimson#21,105,125,-20,1992.55,1966.81,-25.74,548,536
FORMERCHAMP_Scilla:Scilla,47,28,19,2129.88,2188.27,58.39,548,536
LEADER_Lambert:Lambert#3,39,58,-19,2161.01,2113.65,-47.36,548,536
SCIENTIST_F:LunaFlare,35,17,18,2177.8,2242.56,64.76,548,536
TRAINER_Sang:Sang#5,8,26,-18,2276.76,2206.88,-69.88,548,536
WILDPACK:Frigid,186,168,18,1757.54,1816.84,59.3,548,536
ANOTHERPOSSIBLEALESSA:Alessa#1,46,29,17,2134.21,2185.61,51.4,548,536
TAPU_FINI:Tapu Fini#1,135,118,17,1896.61,1993.35,96.74,548,536
HIKER:Valrex,76,60,16,2055.54,2108.29,52.75,548,536
MASKEDVILLAIN:Crimson#17,56,72,-16,2102.49,2090.27,-12.22,548,536
POKEMONTRAINER_Yezera:Yezera#1,465,481,-16,823.37,782.91,-40.46,548,536
TAPU_BULU:Tapu Bulu,49,33,16,2127.21,2178.6,51.39,548,536
WILDPACK:Cosmic,149,133,16,1871.65,1940.38,68.73,548,536
ARCHFRIEND_Lainie:Lainie,81,66,15,2042.69,2099.29,56.6,548,536
LEADER_Samorn:Samorn#2,59,44,15,2088.04,2146.81,58.77,548,536
TRAINER_Sang:Sang#4,67,52,15,2072.78,2122.53,49.75,548,536
ANOTHERPOSSIBLETAMARIND:Tamarind#1,68,54,14,2068.31,2120.64,52.33,548,536
LEADER_Eko:Eko#2,75,61,14,2057.33,2108.29,50.96,548,536
LEADER_Lambert:Lambert#2,94,80,14,2015.21,2079.35,64.14,548,536
MASKEDVILLAIN:Crimson#15,69,83,-14,2066.55,2072.02,5.47,548,536
MASKEDVILLAIN:Crimson#18,141,127,14,1885.83,1955.46,69.63,548,536
MASKEDVILLAIN_Sang:Silver#1,238,252,-14,1605.99,1578.29,-27.7,548,536
POKEMONMASTER_Vanya:Vanya#18,83,69,14,2040.84,2093.89,53.05,548,536
PROFESSOR_Tamarind:Tamarind,79,65,14,2050.09,2099.31,49.22,548,536
POKEMONMASTER_Vanya:Vanya,170,157,13,1790.81,1850.94,60.13,548,536
POKEMONMASTER_Vanya:Vanya#3,110,97,13,1977.63,2046.1,68.47,548,536
POKEMONRANGER_M:Zufaix,43,30,13,2142.98,2184.0,41.02,548,536
COOLTRAINER_M7:X,57,45,12,2095.38,2145.51,50.13,548,536
DRAGONTAMER_F:Zinnia,108,96,12,1985.09,2049.83,64.74,548,536
MASKEDVILLAIN2:Teal#22,23,11,12,2193.4,2259.98,66.58,548,536
POKEMONMASTER_Vanya:Vanya#15,142,130,12,1885.83,1944.14,58.31,548,536
POKEMONMASTER_Vanya:Vanya#16,143,131,12,1885.83,1944.14,58.31,548,536
POKEMONMASTER_Vanya:Vanya#17,74,62,12,2059.2,2108.29,49.09,548,536
TRAINER_Zain:Zain#2,61,49,12,2084.23,2127.4,43.17,548,536
FORMERCHAMP_Elise:Elise,33,22,11,2181.26,2230.99,49.73,548,536
GUITARIST3:Envy,90,79,11,2022.34,2079.35,57.01,548,536
HARLEQUIN:Minty,96,85,11,2013.18,2070.8,57.62,548,536
RICHBOY4:Darlvon,100,89,11,2009.33,2060.98,51.65,548,536
SPIRITGUARDIAN4:Brigitte,99,88,11,2011.19,2068.34,57.15,548,536
ULTRALAINIE:Lainie,30,19,11,2186.39,2236.36,49.97,548,536
BEAUTY5:Esme,171,161,10,1784.99,1835.38,50.39,548,536
ELDER:Logun,50,40,10,2111.75,2152.72,40.97,548,536
FORMERCHAMP_Vincent:Vincent,41,31,10,2148.66,2182.63,33.97,548,536
KATY:Manycrows,66,56,10,2073.76,2115.43,41.67,548,536
MASKEDVILLAIN2:Teal#11,54,64,-10,2109.59,2104.7,-4.89,548,536
SEEKER_Nora:Nora#1,48,38,10,2127.21,2168.12,40.91,548,536
SHADOWMAVIS:Mavis#1,22,12,10,2196.92,2259.98,63.06,548,536
ANOTHERPOSSIBLETAMARIND:Tamarind,85,76,9,2038.95,2083.0,44.05,548,536
CLERK_M2:Papper,116,107,9,1960.89,2019.83,58.94,548,536
FAIRYTALEGIRL:Emmi,55,46,9,2102.49,2143.67,41.18,548,536
FORMERCHAMP_Ansel:Ansel,62,53,9,2079.2,2120.76,41.56,548,536
FORMERCHAMP_Elise:Elise#1,36,27,9,2168.68,2202.93,34.25,548,536
HEXMANIAC_1:Riptide#1,123,132,-9,1920.68,1942.59,21.91,548,536
LEADER_Bence:Bence#2,60,51,9,2084.59,2122.53,37.94,548,536
LEADER_Helena:Helena#2,86,77,9,2037.2,2081.17,43.97,548,536
MASKEDVILLAIN:Crimson#14,113,104,9,1968.79,2025.83,57.04,548,536
ODDISH:Oddium,14,5,9,2240.66,2308.93,68.27,548,536
POKEMONMASTER_Vanya:Vanya#9,121,112,9,1940.45,2012.28,71.83,548,536
POKEMONTRAINER_Vanya:Vanya,45,36,9,2137.7,2171.61,33.91,548,536
TOURISTM:Calvin,204,195,9,1710.28,1751.88,41.6,548,536
TRAINER_Skyler:Skyler,84,75,9,2039.66,2084.82,45.16,548,536
CHALLENGER_Vanya:Vanya#8,95,103,-8,2014.98,2029.24,14.26,548,536
DRAGONTAMER_F:Bella,124,116,8,1918.38,1993.35,74.97,548,536
IDEALTRAINER:of Tradition,163,155,8,1815.22,1868.6,53.38,548,536
LOST_RANGER_BLUE:Farid,250,242,8,1576.22,1605.77,29.55,548,536
MASKEDVILLAIN2:Teal#10,102,94,8,2003.74,2055.63,51.89,548,536
MASKEDVILLAIN2:Teal#16,82,90,-8,2040.84,2060.96,20.12,548,536
POKEMONTRAINER_Yezera:Yezera#5,347,355,-8,1312.31,1289.85,-22.46,548,536
POKEMONTRAINER_Yezera:Yezera#8,89,81,8,2029.76,2075.69,45.93,548,536
TAPU_KOKO:Tapu Koko,51,43,8,2111.7,2148.79,37.09,548,536
WILDPARTY_BULU:of Abundance,194,186,8,1739.99,1785.73,45.74,548,536
BIRDKEEPER_M2:Vlasta,211,204,7,1693.35,1728.37,35.02,548,536
BURGLAR:Devin,178,171,7,1772.24,1813.2,40.96,548,536
COOLTRAINER_F7:Nyx,219,212,7,1667.01,1703.26,36.25,548,536
CRIMINALTEAM:Gianna and Rocco,213,206,7,1673.21,1723.5,50.29,548,536
GAMBLER:Tiki,172,165,7,1784.99,1828.55,43.56,548,536
IDEALTRAINER:of Brilliance,63,70,-7,2079.18,2092.09,12.91,548,536
MASKEDVILLAIN2:Teal#18,139,146,-7,1889.41,1910.52,21.11,548,536
MASKEDVILLAIN:Crimson#22,17,10,7,2222.02,2276.78,54.76,548,536
MASKEDVILLAIN_DOUBLE:Crimson#12,106,99,7,1992.55,2042.37,49.82,548,536
PILOT:Kurtis,255,248,7,1560.65,1589.58,28.93,548,536
POKEMONRANGER_M4_GANG:Micah,206,199,7,1702.13,1744.03,41.9,548,536
TAPU_FINI:Tapu Fini,129,136,-7,1908.16,1933.48,25.32,548,536
TRAINER_Alessa:Alessa#3,107,100,7,1990.81,2038.63,47.82,548,536
TRAINER_Alessa:Alessa#6,28,21,7,2186.39,2232.57,46.18,548,536
TRAINER_Imogene_A:Imogene#1,112,105,7,1970.17,2023.6,53.43,548,536
WILDPACK:Muggy,187,180,7,1754.57,1795.36,40.79,548,536
ARTIST3:Drawingbox,185,179,6,1757.54,1795.36,37.82,548,536
DRAGONTAMER2:Abraham,183,177,6,1763.36,1798.6,35.24,548,536
HARLEQUIN:Regis,199,193,6,1712.8,1755.84,43.04,548,536
IDEALTRAINER:of Conquest,148,142,6,1873.32,1927.25,53.93,548,536
LADY4:Pria,169,163,6,1791.28,1831.95,40.67,548,536
LEADER_Lambert:Lambert#1,496,502,-6,690.5,666.47,-24.03,548,536
MASKEDVILLAIN2_DOUBLE:Teal#1,126,120,6,1914.72,1981.97,67.25,548,536
MASKEDVILLAIN:Crimson#23,10,4,6,2271.02,2317.58,46.56,548,536
POKEMONMASTER_Vanya:Vanya#19,65,59,6,2075.57,2113.64,38.07,548,536
POKEMONMASTER_Vanya:Vanya#21,115,109,6,1962.72,2016.06,53.34,548,536
POKEMONTRAINER_Yezera:Yezera#10,173,167,6,1784.99,1818.42,33.43,548,536
POKEMONTRAINER_Yezera:Yezera#11,15,9,6,2235.48,2278.78,43.3,548,536
PSYCHIC_F3:Felicia,196,190,6,1735.17,1774.35,39.18,548,536
SPIRITGUARDIAN3:Preeti,21,15,6,2200.46,2251.92,51.46,548,536
ANOTHERPOSSIBLEZAIN:Zain,138,143,-5,1889.41,1921.66,32.25,548,536
ANOTHERPOSSIBLEZAIN:Zain#1,119,114,5,1949.72,1999.08,49.36,548,536
BATTLEGIRL2:Juniper,241,236,5,1596.86,1624.77,27.91,548,536
BIKER:Knoxx,288,283,5,1490.91,1514.87,23.96,548,536
COOLTRAINERSQUAD_2:Shouta and Kaede,174,169,5,1781.87,1815.07,33.2,548,536
COOLTRAINER_M3:Dada,120,115,5,1947.34,1996.2,48.86,548,536
DELINQUENT:Lilypad,73,68,5,2059.2,2093.89,34.69,548,536
FORMERCHAMP_Chara:Chara,52,47,5,2109.59,2143.67,34.08,548,536
GARDENER:Larry,189,184,5,1749.73,1786.88,37.15,548,536
IDEALTRAINER:of Beauty,134,129,5,1900.2,1951.68,51.48,548,536
IDEALTRAINER:of Riches,145,140,5,1878.72,1929.13,50.41,548,536
JANITOR:Eric,372,367,5,1221.94,1244.18,22.24,548,536
JANITOR:Steeb,98,93,5,2011.19,2057.26,46.07,548,536
JUGGLER:Brickbat,146,141,5,1878.72,1929.13,50.41,548,536
LADY2:Eseria,44,39,5,2139.9,2166.78,26.88,548,536
MAID:Wendy,226,221,5,1650.59,1681.94,31.35,548,536
MASKEDVILLAIN2:Teal#20,165,170,-5,1807.28,1815.07,7.79,548,536
MASKEDVILLAIN2_DOUBLE:Teal,156,151,5,1835.75,1876.1,40.35,548,536
MASKEDVILLAIN2_DOUBLE:Teal#12,91,86,5,2019.19,2070.55,51.36,548,536
MASKEDVILLAIN:Crimson#4,244,239,5,1594.59,1615.29,20.7,548,536
MASKEDVILLAIN:Crimson#8,231,226,5,1636.23,1663.97,27.74,548,536
POKEMONCHAMPION_Vanya:Vanya,25,20,5,2192.05,2232.57,40.52,548,536
POKEMONRANGER_F_GANG:Amber,232,227,5,1631.5,1661.45,29.95,548,536
POKEMONTRAINER_Vanya:Vanya#3,12,7,5,2258.91,2294.66,35.75,548,536
SCIENTIST_M4:Jacob,180,175,5,1764.65,1799.98,35.33,548,536
TAPU_LELE:Tapu Lele,87,82,5,2037.15,2075.69,38.54,548,536
VETERANM_2:Roy,239,234,5,1603.7,1641.64,37.94,548,536
VETERAN_F:Emily,259,254,5,1551.58,1578.0,26.42,548,536
WAITRESS3:Destiny,19,14,5,2208.79,2253.74,44.95,548,536
WILDPACK:Arid,208,213,-5,1695.97,1703.26,7.29,548,536
WILDPACK:Solar,181,176,5,1764.65,1799.98,35.33,548,536
WILDPARTY_FINI:of Hope,210,205,5,1693.94,1726.38,32.44,548,536
ANCIENTPRIEST:Radzayac,253,249,4,1560.65,1587.26,26.61,548,536
ARTIFICIALTRAINER:Doppel,251,247,4,1573.86,1598.67,24.81,545,532
ARTIFICIALTRAINER:Solitaire,341,337,4,1333.07,1354.17,21.1,548,536
BACKPACKER_F:Aiyana,458,454,4,858.21,872.37,14.16,548,536
BEAUTY2:Enisa,480,476,4,774.71,787.47,12.76,548,536
FORMERCHAMP_Casey:Casey,132,128,4,1901.97,1953.59,51.62,548,536
GARDENER:Bud,242,238,4,1596.82,1615.33,18.51,548,536
IDOL:Teagan,373,369,4,1218.73,1240.93,22.2,548,536
LEADER_Victoire:Victoire,212,208,4,1688.13,1717.05,28.92,548,536
MASKEDVILLAIN2:Teal#6,192,188,4,1743.86,1780.65,36.79,548,536
MASKEDVILLAIN2:Teal#8,157,153,4,1830.37,1870.45,40.08,548,536
MASKEDVILLAIN:Crimson#10,220,216,4,1660.36,1697.85,37.49,548,536
MASKEDVILLAIN:Crimson#6,254,250,4,1560.65,1584.95,24.3,548,536
NIGHTMARE_TRAINER:Torment,261,257,4,1551.25,1570.79,19.54,548,536
PARASOLLADY2:Antoinette,227,223,4,1648.18,1676.75,28.57,548,536
POKEMONBREEDER_F:Miss Zesty,158,154,4,1827.02,1870.45,43.43,548,536
POKEMONMASTER_Vanya:Vanya#1,117,113,4,1957.83,1999.56,41.73,548,536
POKEMONMASTER_Vanya:Vanya#13,152,148,4,1861.14,1903.13,41.99,548,536
POKEMONMASTER_Vanya:Vanya#4,153,149,4,1861.14,1899.46,38.32,548,536
POKEMONTRAINER_Yezera:Yezera#3,434,438,-4,965.97,964.66,-1.31,548,536
POKEMONTRAINER_Yezera:Yezera#6,182,178,4,1763.52,1798.6,35.08,548,536
SAILOR2:Noah,400,396,4,1129.3,1151.56,22.26,548,536
SCIENTIST_F:Zofia,375,371,4,1216.46,1234.93,18.47,548,536
SUPERNERD:Agentbla,77,73,4,2055.54,2090.27,34.73,548,536
SUSPICIOUSMAN:Tommaso,234,230,4,1620.63,1652.42,31.79,548,536
TRAINER_Sang:Sang#2,177,173,4,1772.3,1804.66,32.36,548,536
VANYADAD:Avram,265,261,4,1535.41,1561.59,26.18,548,536
VETERANM_3:Pearce,262,258,4,1549.31,1568.76,19.45,548,536
WAITER:Aaron,78,74,4,2055.54,2090.27,34.73,548,536
BATTLEGIRL3:Amelia,258,255,3,1551.58,1575.69,24.11,548,536
BIRDKEEPER_F:Danika,200,203,-3,1712.03,1728.37,16.34,548,536
BLACKBELT:Leo,140,137,3,1887.82,1932.87,45.05,548,536
BUGCATCHER2:Rangsan,268,265,3,1530.86,1554.85,23.99,548,536
BUGCATCHER_F:April,195,192,3,1737.12,1766.95,29.83,548,536
BURGLAR:Martino,136,139,-3,1896.59,1929.13,32.54,548,536
BUTLER:Sagan,214,211,3,1672.46,1708.28,35.82,547,535
CAMPER_M:Nick,272,269,3,1521.76,1543.23,21.47,548,536
CHALLENGER_Vanya:Vanya#6,248,245,3,1578.73,1598.88,20.15,548,536
COOLTRAINER_M7:Nero,125,122,3,1914.72,1970.6,55.88,548,536
DANDY:Roger,205,202,3,1703.76,1737.03,33.27,548,536
FIREBREATHER:Bradley,316,319,-3,1396.57,1411.07,14.5,548,536
HEXMANIAC_GHOST:Juno,336,339,-3,1342.58,1354.17,11.59,548,536
IDEALTRAINER:of Origins,155,152,3,1839.59,1872.86,33.27,548,536
IRISCOSPLAYER:Isabelle,188,185,3,1751.62,1785.73,34.11,548,536
JUGGLER:Youcef,334,331,3,1348.84,1369.71,20.87,548,536
KIMONOGIRL:Chiyo,285,282,3,1497.66,1519.65,21.99,548,536
LASS:Tara,481,478,3,774.71,787.47,12.76,548,536
LOST_RANGER_GREEN:Farid,243,240,3,1595.04,1612.93,17.89,548,536
MAID:Alice,494,491,3,707.71,724.6,16.89,548,536
MASKEDVILLAIN2:Teal#14,104,101,3,1992.55,2034.88,42.33,548,536
MASKEDVILLAIN2:Teal#2,228,225,3,1641.68,1669.05,27.37,548,536
MASKEDVILLAIN2:Teal#3,207,210,-3,1701.27,1708.81,7.54,548,536
MASKEDVILLAIN_Sang:Silver,256,253,3,1558.38,1578.0,19.62,548,536
MEDIUM:Izumi,240,237,3,1599.14,1622.39,23.25,548,536
NIGHTMAREQUEEN_Elise:Elise,26,23,3,2189.89,2225.1,35.21,548,536
POKEMONMASTER_Vanya:Vanya#11,114,111,3,1962.72,2012.28,49.56,548,536
POKEMONMASTER_Vanya:Vanya#12,159,156,3,1827.02,1859.78,32.76,548,536
POKEMONMASTER_Vanya:Vanya#6,150,147,3,1868.13,1910.52,42.39,548,536
POKEMONMASTER_Vanya:Vanya#7,190,187,3,1745.77,1782.56,36.79,548,536
POKEMONRANGER_M2_GANG:Terrance,127,124,3,1914.72,1968.75,54.03,548,536
POKEMONRANGER_M:Ivan,463,460,3,845.18,859.1,13.92,548,536
POKEMONTRAINER_Vanya:Vanya#2,5,2,3,2301.91,2338.33,36.42,548,536
RICHBOY:Splitmoon,111,108,3,1970.17,2019.83,49.66,548,536
ROUGHNECK2:Jaggedthorn,109,106,3,1979.65,2021.8,42.15,548,536
SCIENTIST_F3:Nkechi,201,198,3,1712.03,1745.82,33.79,548,536
SWIMMER_F6:Kiana,283,280,3,1500.57,1524.41,23.84,548,536
SWIMMER_M4:Jan,376,373,3,1214.99,1233.48,18.49,548,536
TAPU_BULU:Tapu Bulu#1,37,34,3,2165.51,2178.6,13.09,548,536
TOURISTM:Azeler,6,3,3,2281.79,2320.63,38.84,548,536
TOURISTM:Chus,16,13,3,2233.51,2256.33,22.82,548,536
TOURISTM:Francois,197,194,3,1727.62,1753.61,25.99,548,536
TRAINER_Candy:Candy#1,11,8,3,2260.23,2290.08,29.85,548,536
TRAINER_Keoni:Keoni#2,101,98,3,2007.47,2046.1,38.63,548,536
TUBER_M:Derek,371,374,-3,1222.45,1233.48,11.03,548,536
WORKER5:Jbsundown,131,134,-3,1903.82,1940.38,36.56,548,536
YOUNGSTER:Buzim,313,310,3,1423.94,1446.48,22.54,548,536
BACKERS_F:Maria and Iveta,246,244,2,1583.25,1601.21,17.96,548,536
BACKERS_M:Yanko and Orlando,305,303,2,1445.75,1465.23,19.48,548,536
BEAUTY4:Brunhilda,279,281,-2,1505.33,1522.03,16.7,548,536
BEAUTY:Kryssa,349,347,2,1298.88,1317.1,18.22,548,536
BIKER2:Chuck,391,389,2,1161.19,1179.57,18.38,548,536
BLACKBELT:Santiago,295,293,2,1468.45,1485.17,16.72,548,536
BOARDER:Lev,436,434,2,957.39,973.39,16.0,548,536
CAMPER_F:Tanya,296,294,2,1468.38,1482.56,14.18,548,536
CAMPER_F:Veronica,377,375,2,1211.24,1229.73,18.49,548,536
CHALLENGER_Vanya:Vanya#2,453,451,2,864.75,879.05,14.3,548,536
CHALLENGER_Vanya:Vanya#3,419,417,2,1038.34,1055.61,17.27,548,536
CHEF:Gordon,245,243,2,1583.36,1602.81,19.45,548,536
CHEF:Travis,506,504,2,649.52,661.15,11.63,548,536
CLERK_M2:Alejandro,433,431,2,965.97,986.48,20.51,548,536
CLERK_M:Scott,280,278,2,1502.95,1524.41,21.46,548,536
COLLECTOR:Emre,423,421,2,1017.18,1034.16,16.98,548,536
COLLECTOR:Mirko,360,362,-2,1248.06,1262.9,14.84,548,536
COOLTRAINER_F7:Jade,437,435,2,957.39,973.39,16.0,548,536
COOLTRAINER_M7:Xander,490,492,-2,714.77,721.99,7.22,548,536
CYCLIST_F:Anastasia,354,352,2,1279.85,1298.16,18.31,548,536
DANDY:Jules,328,330,-2,1361.15,1375.81,14.66,548,536
DOCTOR:Peio,389,387,2,1169.04,1187.45,18.41,548,536
EXPERTF:Kimiko,193,191,2,1740.19,1770.04,29.85,548,536
EXPERTM:Hiroshi,222,220,2,1659.25,1681.94,22.69,548,536
FAIRYTALEGIRL:Maja,484,486,-2,742.9,745.86,2.96,548,536
FORMERCHAMP_Praveen:Praveen,53,55,-2,2109.59,2118.98,9.39,548,536
GAMBLER:IgnitedxSoul,128,126,2,1911.02,1963.05,52.03,548,536
GENTLEMAN3:Oliver,344,346,-2,1319.0,1330.52,11.52,548,536
GUITARIST2:Brady,418,420,-2,1039.81,1052.79,12.98,548,536
GUITARIST3:Jamie,370,372,-2,1222.45,1233.48,11.03,548,536
HEXMANIAC:Errata,20,18,2,2207.57,2240.19,32.62,548,536
HIKER2:Rhys,278,276,2,1507.69,1529.14,21.45,548,536
IDEALTRAINER:of Colors,191,189,2,1744.95,1778.78,33.83,548,536
LADY3:Kristiane,386,388,-2,1172.94,1187.45,14.51,548,536
LEADER_Eko:Eko,473,471,2,796.98,810.07,13.09,548,536
LEADER_Helena:Helena#1,425,427,-2,1008.69,1008.22,-0.47,548,536
LEADER_Samorn:Samorn,147,145,2,1876.89,1914.22,37.33,548,536
MASKEDVILLAIN2:Teal#23,4,6,-2,2343.78,2294.66,-49.12,548,536
MASKEDVILLAIN2:Teal#4,179,181,-2,1766.54,1792.13,25.59,548,536
MASKEDVILLAIN:Crimson#20,168,166,2,1796.5,1823.78,27.28,548,536
MASKEDVILLAIN_DOUBLE:Crimson,233,231,2,1627.02,1651.47,24.45,548,536
POKEMONMASTER_Vanya:Vanya#8,133,135,-2,1901.97,1936.62,34.65,548,536
POKEMONRANGER_M:Alastar,266,264,2,1533.31,1557.18,23.87,548,536
POKEMONTRAINER_Vanya:Vanya#1,27,25,2,2187.77,2221.43,33.66,548,536
RICHCOUPLE:Diana and Edward,224,222,2,1652.9,1680.33,27.43,548,536
ROUGHNECK:Randall,387,385,2,1172.94,1191.36,18.42,548,536
ROUGHNECK:Reese,374,376,-2,1217.17,1228.17,11.0,548,536
RUINMANIAC2:Bernard,264,266,-2,1535.61,1552.54,16.93,548,536
SAGE:Rennyo#1,402,400,2,1125.26,1143.44,18.18,548,536
SAGE:Takeshi,209,207,2,1695.03,1721.35,26.32,548,536
SAILOR:Dom,184,182,2,1760.52,1792.13,31.61,548,536
SCHOOLKID_GHOST:Honesty,329,327,2,1361.15,1381.84,20.69,548,536
SCIENTIST_M2:Marco,388,386,2,1169.26,1187.71,18.45,548,536
SCIENTIST_M5:Sonatane,352,350,2,1290.98,1309.12,18.14,548,536
SHADOWMAVIS:Mavis,176,174,2,1774.78,1801.86,27.08,548,536
SKIER_F:Natalia,365,363,2,1240.82,1259.28,18.46,548,536
SPIRITGUARDIAN2:Sonya,160,158,2,1817.08,1849.23,32.15,548,536
SWIMMER_F2:Astrid,282,284,-2,1500.57,1514.87,14.3,548,536
SWIMMER_F5:Shreya,281,279,2,1502.95,1524.41,21.46,548,536
TEENAGERM:Burke,307,305,2,1440.5,1460.04,19.54,548,536
TRAINER_Candy:Candy,361,359,2,1248.06,1270.09,22.03,548,536
VANYAMOM:Vidya,235,233,2,1619.82,1641.64,21.82,548,536
VETERANM:Taro,237,235,2,1608.28,1627.16,18.88,548,536
VETERANM_2:Kirbae,18,16,2,2222.02,2247.97,25.95,548,536
WAITRESS2:Fanfan,97,95,2,2011.24,2051.72,40.48,548,536
WILDPARTY_KOKO:of Conflict,221,219,2,1659.48,1687.32,27.84,548,536
WILDPARTY_LELE:of Life,161,159,2,1817.08,1843.89,26.81,548,536
YOUNGSTER2:Davor,293,291,2,1476.26,1497.9,21.64,548,536
ANCIENTPRIEST:Kazmilos,297,296,1,1458.66,1475.46,16.8,548,536
AROMALADY3:Henrietta,333,334,-1,1348.84,1366.63,17.79,548,536
AROMALADY:Cheshire,457,458,-1,858.21,867.95,9.74,548,536
ARTIST2:Frank,330,329,1,1358.1,1375.81,17.71,548,536
ARTIST4:Rabah,302,301,1,1450.95,1467.8,16.85,548,536
BACKPACKER_M:Freedom,469,468,1,810.21,819.05,8.84,548,536
BAKER:Rose,505,506,-1,649.52,655.78,6.26,548,536
BATTLEGIRL:Tester,366,365,1,1228.7,1247.24,18.54,548,536
BEAUTY3:Ester,359,360,-1,1251.66,1266.5,14.84,548,536
BIRDKEEPER_F:Amanda,454,455,-1,862.54,872.37,9.83,548,536
BLACKBELT2:Riccardo,273,272,1,1517.1,1531.5,14.4,548,536
BLACKBELT:Kai,269,268,1,1526.4,1547.89,21.49,548,536
BOARDER:Alex,442,441,1,918.69,925.21,6.52,548,536
BUGCATCHER_F:Lovina,451,452,-1,866.87,876.78,9.91,548,536
BURGLAR:Barret,486,485,1,738.27,745.86,7.59,548,536
CAMERAMAN2:Octavio,380,379,1,1194.61,1214.69,20.08,548,536
CAMERAMAN:Marcel,422,423,-1,1017.18,1029.85,12.67,548,536
CHALLENGER_Vanya:Vanya#1,468,467,1,812.27,821.15,8.88,548,536
CHALLENGER_Vanya:Vanya#4,345,344,1,1316.9,1331.71,14.81,548,536
CHALLENGER_Vanya:Vanya#5,301,300,1,1456.11,1472.92,16.81,548,536
CHALLENGER_Vanya:Vanya#7,229,228,1,1639.67,1660.01,20.34,548,536
CLERK_F:Lily,492,493,-1,709.99,717.13,7.14,548,536
CLERK_F:Rosalie,343,342,1,1326.65,1344.65,18.0,548,536
CLERK_M2:Marton,476,475,1,779.19,792.01,12.82,548,536
CLERK_M2:Zoltan,446,445,1,892.82,907.63,14.81,548,536
CLOWN:Dimesmart,397,398,-1,1133.52,1147.69,14.17,548,536
COOLTRAINER_F3:Leah,378,377,1,1207.47,1218.38,10.91,548,536
COOLTRAINER_F7:Blaire,327,328,-1,1363.29,1377.97,14.68,548,536
COOLTRAINER_F7:Milja,339,340,-1,1336.26,1351.01,14.75,548,536
COOLTRAINER_F:Reina,308,307,1,1437.86,1454.81,16.95,548,536
COOLTRAINER_M7:Emir,276,275,1,1510.06,1529.14,19.08,548,536
COWGIRL:Sasha,392,391,1,1157.24,1171.63,14.39,548,536
CYCLIST_F2:Lukka,319,318,1,1393.71,1412.27,18.56,548,536
CYCLIST_M:Mitron,462,463,-1,847.48,857.01,9.53,548,536
DANDY:Charles,470,469,1,810.21,819.05,8.84,548,536
DELINQUENT:Jeralyn,438,437,1,948.81,964.66,15.85,548,536
DITTO_CAMPER:Johnate,426,425,1,1000.17,1012.56,12.39,548,536
DITTO_PROTRAINER:Xandevon,346,345,1,1316.9,1331.71,14.81,548,536
DITTO_RANGER:Hannamy,427,426,1,1000.17,1012.56,12.39,548,536
DRAGONTAMER:Arthur,225,224,1,1650.59,1671.19,20.6,548,536
DRAGONTAMER:Bataar,247,246,1,1580.99,1598.88,17.89,548,536
DRAGONTAMER:Georgius,491,490,1,714.77,726.82,12.05,548,536
DRAGONTAMER:Georgius#1,383,382,1,1180.71,1199.16,18.45,548,536
ELDER:Huy,284,285,-1,1498.18,1512.47,14.29,548,536
FAIRYTALEGIRL:Madeline,216,215,1,1670.29,1697.85,27.56,548,536
GAMBLER:Gregor,499,498,1,685.54,692.32,6.78,548,536
GENTLEMAN:Nicholas,294,295,-1,1468.79,1480.52,11.73,548,536
GUITARIST2:Alan,381,380,1,1192.27,1210.74,18.47,548,536
GUITARIST3:Athena,252,251,1,1567.43,1582.63,15.2,548,536
GUITARIST3:Mai,466,465,1,818.99,832.45,13.46,548,536
HARLEQUIN:Vincenzi#1,394,393,1,1149.32,1163.64,14.32,548,536
HEXMANIAC_1:Riptide,260,259,1,1551.33,1568.65,17.32,548,536
IDOL:Ishizu,485,484,1,742.9,750.56,7.66,548,536
JOGGER:Georgio,445,446,-1,897.13,907.63,10.5,548,536
JUGGLER:Mikael,317,316,1,1396.57,1416.73,20.16,548,536
LASS2:Faye,384,383,1,1180.71,1199.16,18.45,548,536
LASS3:Carmen,342,343,-1,1329.87,1344.65,14.78,548,536
LEADER_Eko:Eko#1,441,442,-1,927.31,920.82,-6.49,548,536
LEADER_Rafael:Rafael,421,422,-1,1021.43,1034.16,12.73,548,536
LEADER_Zoe:Zoé,405,406,-1,1121.22,1131.17,9.95,548,536
LINEBACKER:Josh,497,496,1,690.5,697.35,6.85,548,536
LOST_RANGER_PURPLE:Farid,230,229,1,1636.23,1658.94,22.71,548,536
MAID2:Maddie,310,309,1,1432.53,1452.17,19.64,548,536
MASKEDVILLAIN:Crimson#16,103,102,1,2000.01,2034.88,34.87,548,536
MASKEDVILLAIN:Crimson#2,274,273,1,1517.1,1531.5,14.4,548,536
MASKEDVILLAIN_DOUBLE:Crimson#13,42,41,1,2148.15,2152.66,4.51,548,536
NINJABOY:Hwan,452,453,-1,866.87,876.78,9.91,548,536
NURSE:Ellen,431,432,-1,970.26,982.12,11.86,548,536
NURSERYAIDE:Francesca,393,392,1,1153.29,1171.63,18.34,548,536
OFFICEWORKER_M:Kurt,290,289,1,1481.2,1497.9,16.7,548,536
PILOT:Charlie,303,302,1,1450.95,1467.8,16.85,548,536
POKEFAN_F2:Tsveta,471,470,1,801.4,814.57,13.17,548,536
POKEFAN_F3:Margaret,435,436,-1,961.68,973.39,11.71,548,536
POKEMANIAC:Paris,444,443,1,905.76,916.42,10.66,548,536
POKEMONBREEDER_M2:Pechapanda,275,274,1,1514.33,1531.5,17.17,548,536
POKEMONBREEDER_M4:Isaac,367,366,1,1228.41,1246.92,18.51,548,536
POKEMONMASTER_Vanya:Vanya#10,118,117,1,1953.36,1993.35,39.99,548,536
POKEMONMASTER_Vanya:Vanya#14,93,92,1,2016.87,2057.29,40.42,548,536
POKEMONMASTER_Vanya:Vanya#20,202,201,1,1711.82,1739.56,27.74,547,535
POKEMONMASTER_Vanya:Vanya#5,92,91,1,2018.76,2059.11,40.35,548,536
POKEMONRANGER_F2:Amahle,478,479,-1,779.19,787.47,8.28,548,536
POKEMONRANGER_F2_GANG:Mina,198,197,1,1725.81,1745.82,20.01,548,536
POKEMONRANGER_F:Val,443,444,-1,910.07,916.42,6.35,548,536
POKEMONRANGER_M2:Connor,455,456,-1,862.54,872.37,9.83,548,536
POKEMONRANGER_M2:Martel,420,419,1,1037.74,1054.95,17.21,548,536
POKEMONRANGER_M3:Grant,350,349,1,1297.67,1315.81,18.14,548,536
POKEMONTRAINER_Yezera:Yezera,509,510,-1,633.29,639.32,6.03,548,536
POKEMONTRAINER_Yezera:Yezera#2,460,461,-1,849.52,859.1,9.58,548,536
POKEMONTRAINER_Yezera:Yezera#4,382,381,1,1184.58,1203.03,18.45,548,536
POKEMONTRAINER_Yezera:Yezera#7,72,71,1,2061.02,2092.07,31.05,548,536
PSYCHIC_F2:Ludmila,479,480,-1,779.19,787.47,8.28,548,536
PSYCHIC_M2:Rohan,401,402,-1,1125.26,1139.36,14.1,548,536
PSYCHIC_M3:Boban,385,384,1,1177.98,1192.47,14.49,548,536
PUNKM:Vlad,355,354,1,1276.39,1291.25,14.86,548,536
REPORTER:Helga,461,462,-1,849.52,859.1,9.58,548,536
RICHBOY2:Theodore,500,499,1,675.48,682.11,6.63,548,536
RICHBOY3:Ryan,298,297,1,1458.66,1475.46,16.8,548,536
RUINMANIAC2:Nabil,309,308,1,1437.45,1454.47,17.02,548,536
RUINMANIAC:Colby,331,332,-1,1355.03,1369.71,14.68,548,536
RUINMANIAC:Matteo,318,317,1,1396.57,1413.91,17.34,548,536
SAGE:Shion,417,418,-1,1042.56,1055.61,13.05,548,536
SCHOOLKID_F3:Dinah,299,298,1,1458.66,1475.46,16.8,548,536
SCHOOLKID_F4:Lucia,257,256,1,1553.85,1575.69,21.84,548,536
SCHOOLKID_M2:Branimir,502,501,1,665.25,671.73,6.48,548,536
SCHOOLKID_M:Louis,498,497,1,687.89,694.63,6.74,548,536
SCIENTIST_F3:Viola,408,409,-1,1109.01,1122.93,13.92,548,536
SCIENTIST_F:Marie,504,505,-1,654.82,661.15,6.33,548,536
SCIENTIST_F:Natasha,432,433,-1,970.26,982.12,11.86,548,536
SCIENTIST_M2:Dexter,510,509,1,633.29,644.87,11.58,548,536
SEEKER_Nora:Nora,215,214,1,1670.77,1701.25,30.48,548,536
SMASHER:Stella,398,397,1,1133.33,1151.56,18.23,548,536
SWIMMER_F3:Bree,332,333,-1,1355.03,1369.71,14.68,548,536
SWIMMER_F4:Yvonne,291,290,1,1478.74,1497.9,19.16,548,536
SWIMMER_M3:Diego,300,299,1,1458.66,1475.46,16.8,548,536
SWIMMER_M:Stannis,395,394,1,1145.34,1163.64,18.3,548,536
TEACHER:Hilde,456,457,-1,862.54,872.37,9.83,548,536
TRAINER_Alessa:Alessa,493,494,-1,709.99,717.13,7.14,548,536
TRAINER_Alessa:Alessa#1,467,466,1,814.61,823.52,8.91,548,536
TRAINER_Alessa:Alessa#2,337,336,1,1342.58,1357.31,14.73,548,536
TRAINER_Eifion:Eifion#1,122,123,-1,1929.38,1970.6,41.22,548,536
TRAINER_Keoni:Keoni,501,500,1,673.34,679.9,6.56,548,536
TRAINER_Keoni:Keoni#1,379,378,1,1196.09,1218.38,22.29,548,536
TWINS2:Bella and Meghan,396,395,1,1139.25,1153.46,14.21,548,536
VETERANM:Yoshihiro,289,288,1,1483.65,1500.35,16.7,548,536
VETERANM_2:Hadley,369,370,-1,1226.15,1240.93,14.78,548,536
WAITRESS:Carmilla,406,405,1,1113.09,1135.27,22.18,548,536
WORKER2:Hugo,362,361,1,1247.16,1265.55,18.39,548,536
WORKER6:Paul,340,341,-1,1336.26,1351.01,14.75,548,536
WORKER:Bryn,409,408,1,1109.01,1127.06,18.05,548,536
WORKER:Kevin,474,473,1,796.98,805.57,8.59,548,536
YOUNGSTER3:Sorin,475,474,1,796.98,805.57,8.59,548,536
ANCIENTPRIEST:Chestibor,321,321,0,1390.82,1408.22,17.4,548,536
ANCIENTPRIEST:Dobromil,306,306,0,1440.5,1454.81,14.31,548,536
ANOTHERPOSSIBLERAFAEL:Rafael,1,1,0,2496.7,2446.36,-50.34,548,536
AROMALADY:Hannah,527,527,0,499.69,503.66,3.97,548,536
ARTIFICIALTRAINER:Trinity,271,271,0,1521.97,1541.04,19.07,547,535
ARTIST3:Frida,338,338,0,1339.43,1354.17,14.74,548,536
ARTIST3_GHOST:Alicynthia,323,323,0,1389.68,1404.23,14.55,548,536
ARTIST:Arnold,358,358,0,1263.41,1278.19,14.78,548,536
ARTIST:Evan,526,526,0,507.06,511.17,4.11,548,536
BACKPACKER_F:Mia,335,335,0,1346.16,1360.91,14.75,548,536
BAKER:Margerie,324,324,0,1384.24,1401.77,17.53,548,536
BATTLEGIRL2:Yumei,348,348,0,1301.36,1316.26,14.9,548,536
BATTLEGIRL3:Kryska,413,413,0,1084.33,1102.15,17.82,548,536
BATTLEGIRL:Eliza,522,522,0,535.4,539.97,4.57,548,536
BEAUTY6:Brenda,311,311,0,1426.79,1441.51,14.72,548,536
BEAUTY:Gretchen,414,414,0,1071.88,1085.35,13.47,548,536
BIRDKEEPER_M2:Bernhard,403,403,0,1124.23,1138.27,14.04,548,536
BIRDKEEPER_M:Kendall,364,364,0,1242.02,1255.33,13.31,548,536
BLACKBELT3:Philip,489,489,0,726.39,738.58,12.19,548,536
BUGCATCHER_F:Caitlyn,532,532,0,452.69,455.81,3.12,548,536
BURGLAR:Keith,404,404,0,1121.22,1135.27,14.05,548,536
CAMPER:Christian,464,464,0,836.47,841.35,4.88,548,536
CAMPER:Liam,415,415,0,1067.71,1081.13,13.42,548,536
CEO:Beatrice,356,356,0,1269.4,1287.76,18.36,548,536
CHALLENGER_Vanya:Vanya,512,512,0,616.5,628.03,11.53,548,536
CLOWN:Klemens,450,450,0,875.53,885.61,10.08,548,536
DANCER:Isai,515,515,0,587.05,592.41,5.36,548,536
DITTO_AROMALADY:Cindalice,428,428,0,987.37,999.54,12.17,548,536
DITTO_HIKER:Kevinick,429,429,0,987.37,999.54,12.17,548,536
DOCTOR:Renaldo,286,286,0,1493.37,1507.64,14.27,548,536
FIREBREATHER:Antonio,525,525,0,514.32,518.55,4.23,548,536
GARDENER:Jacek,407,407,0,1110.98,1129.05,18.07,548,536
GENTLEMAN3:D,304,304,0,1448.36,1465.23,16.87,548,536
GENTLEMAN:Wilfrid,533,533,0,452.69,455.81,3.12,548,536
GUITARIST:Reece,519,519,0,562.0,566.98,4.98,548,536
HARLEQUIN:Vincenzi,511,511,0,618.89,630.47,11.58,548,536
HEXMANIAC:Lichenprincess,162,162,0,1816.19,1831.95,15.76,548,536
HIKER2:Jude,521,521,0,542.2,546.88,4.68,548,536
HIKER:Dave,537,537,0,427.29,429.92,2.63,548,536
HOOPSTER:Jerel,477,477,0,779.19,787.47,8.28,548,536
IDEALTRAINER:of Days,144,144,0,1882.27,1921.66,39.39,548,536
KIMONOGIRL:Haera,448,448,0,888.5,898.83,10.33,548,536
LADY2:Rebecca,528,528,0,492.18,496.03,3.85,548,536
LASS2:Sienna,536,536,0,444.37,447.34,2.97,548,536
LASS4:Chloe,517,517,0,574.7,579.88,5.18,548,536
LASS:Rovina,314,314,0,1416.23,1433.37,17.14,548,536
LEADER_Bence:Bence,411,411,0,1096.71,1114.65,17.94,548,536
LEADER_Bence:Bence#1,320,320,0,1393.71,1411.07,17.36,548,536
LEADER_Helena:Helena,439,439,0,935.91,947.15,11.24,548,536
LEADER_Lambert:Lambert,514,514,0,599.06,604.6,5.54,548,536
LEADER_Noel:Noel,270,270,0,1524.08,1543.23,19.15,548,536
LEADER_Zoe:Zoé#1,351,351,0,1293.56,1308.41,14.85,548,536
LINEBACKER:Lorenzo,410,410,0,1102.44,1120.4,17.96,548,536
MEDIUM:Paula,287,287,0,1491.28,1502.94,11.66,548,536
MEDIUM:Theoni,487,487,0,738.27,745.86,7.59,548,536
NIGHTMARE_TRAINER:Agony,263,263,0,1535.61,1557.18,21.57,548,536
NINJABOY:Matthew,534,534,0,452.69,455.81,3.12,548,536
PARASOLLADY:Clarissa,449,449,0,876.73,886.79,10.06,548,536
POKEFAN_F:Impi,368,368,0,1228.02,1242.78,14.76,548,536
POKEFAN_M:Jamie,508,508,0,638.76,644.87,6.11,548,536
POKEKID:Braden,482,482,0,763.64,771.63,7.99,548,536
POKEMANIAC:Nikos,424,424,0,1017.18,1029.85,12.67,548,536
POKEMONBREEDER_F4:Sara,322,322,0,1390.19,1407.67,17.48,548,536
PSYCHIC_M:Uriel,520,520,0,555.5,560.38,4.88,548,536
PUNKM:ValourDyke,24,24,0,2193.4,2225.1,31.7,548,536
REPORTER:Pesha,326,326,0,1370.22,1381.84,11.62,548,536
ROLLERSKATER_M:Lane Tester,529,529,0,492.18,496.03,3.85,548,536
ROUGHNECK2:Flavio,390,390,0,1169.04,1179.57,10.53,548,536
ROUGHNECK2:Robert,430,430,0,978.82,990.84,12.02,548,536
RUINMANIAC:Spencer,503,503,0,660.06,666.47,6.41,548,536
SAGE:Imay,507,507,0,649.52,655.78,6.26,548,536
SAGE:Rennyo,523,523,0,535.4,539.97,4.57,548,536
SAILOR2:Angelo,292,292,0,1476.26,1488.03,11.77,548,536
SAILOR:Dylan,524,524,0,528.49,532.94,4.45,548,536
SAILOR:Konrad,416,416,0,1059.35,1072.65,13.3,548,536
SCHOOLKID_F:Arya,488,488,0,728.95,745.86,16.91,548,536
SCIENTIST_M3:Gunter,218,218,0,1668.64,1696.16,27.52,548,536
SCIENTIST_M:Julien,412,412,0,1088.47,1106.34,17.87,548,536
SKIER_F2:Valeriya,447,447,0,892.82,907.63,14.81,548,536
SOCIALITE:Elizabeth,516,516,0,587.05,592.41,5.36,548,536
SUPERNERD:John,357,357,0,1265.89,1280.74,14.85,548,536
SWIMMER_F:Cosmina,267,267,0,1531.01,1552.54,21.53,548,536
SWIMMER_M2:Finn,399,399,0,1131.19,1145.32,14.13,548,536
TEENAGERF:Naomi,495,495,0,705.17,712.24,7.07,548,536
TEENAGERM:Jonas,518,518,0,574.7,579.88,5.18,548,536
TOURISTF:Mariana,472,472,0,801.4,810.07,8.67,548,536
TRAINER_Alessa:Alessa#5,277,277,0,1509.6,1529.14,19.54,548,536
TRAINER_Eifion:Eifion,440,440,0,935.91,947.15,11.24,548,536
TRAINER_Imogene_A:Imogene,513,513,0,605.03,610.63,5.6,548,536
TRAINER_Imogene_B:Imogene,483,483,0,761.18,769.15,7.97,548,536
TRAINER_Zain:Zain,325,325,0,1376.18,1390.77,14.59,548,536
TUBER_F2:Hana,315,315,0,1416.23,1430.64,14.41,548,536
TUBER_F:Sophie,531,531,0,468.89,472.32,3.43,548,536
TUBER_M:Peter,530,530,0,476.79,480.36,3.57,548,536
VETERAN_F:Genevieve,459,459,0,851.65,861.25,9.6,548,536
WILDPACK:Lunar,164,164,0,1813.32,1831.95,18.63,548,536
WORKER3:Bruce,312,312,0,1424.44,1438.81,14.37,548,536
WORKER3:Seamus,353,353,0,1283.3,1298.16,14.86,548,536
YOUNGSTER:Harvey,535,535,0,452.69,455.81,3.12,548,536
