trainer,rank_singles,rank_doubles,rank_delta,rating_singles,rating_doubles,rating_delta,battles_singles,battles_doubles
VETERANM_2:Kirbae,121,26,95,1981.08,2222.02,240.94,552,548
HEXMANIAC_1:Riptide,356,272,84,1330.26,1551.33,221.07,554,548
MASKEDVILLAIN:Crimson#20,101,180,-79,2016.42,1796.5,-219.92,553,548
POKEMONRANGER_F_GANG:Amber,169,244,-75,1832.43,1631.5,-200.93,554,548
POKEMONMASTER_Vanya:Vanya#19,148,76,72,1884.76,2075.57,190.81,554,548
MASKEDVILLAIN2:Teal#20,106,177,-71,2009.48,1807.28,-202.2,554,548
FORMERCHAMP_Casey:Casey,76,144,-68,2089.46,1901.97,-187.49,553,548
POKEMONRANGER_F2_GANG:Mina,142,210,-68,1910.04,1725.81,-184.23,554,548
POKEMONRANGER_M:Zufaix,119,54,65,1983.28,2142.98,159.7,554,548
FORMERCHAMP_Ansel:Ansel,13,73,-60,2305.94,2079.2,-226.74,554,548
TRAINER_Alessa:Alessa#3,59,119,-60,2158.77,1990.81,-167.96,554,548
LEADER_Victoire:Victoire#1,120,179,-59,1982.53,1800.83,-181.7,554,548
JANITOR:Steeb,165,110,55,1842.66,2011.19,168.53,554,548
POKEMONMASTER_Vanya:Vanya#18,150,95,55,1881.19,2040.84,159.65,554,548
HARLEQUIN:Regis,265,211,54,1564.61,1712.8,148.19,554,548
MASKEDVILLAIN:Crimson#21,63,117,-54,2146.01,1992.55,-153.46,554,548
WILDPACK:Cosmic,215,161,54,1720.89,1871.65,150.76,554,548
PUNKM:ValourDyke,85,33,52,2059.22,2193.4,134.18,553,548
TOURISTM:Azeler,61,9,52,2147.92,2281.79,133.87,552,548
SCIENTIST_M4:Jacob,243,192,51,1626.63,1764.65,138.02,554,548
JUGGLER:Brickbat,205,158,47,1750.47,1878.72,128.25,553,548
POKEMONMASTER_Vanya:Vanya#1,82,129,-47,2068.55,1957.83,-110.72,554,548
TAPU_FINI:Tapu Fini,94,141,-47,2033.13,1908.16,-124.97,554,548
POKEMONTRAINER_Yezera:Yezera#10,231,185,46,1660.84,1784.99,124.15,553,548
SPIRITGUARDIAN4:Brigitte,65,111,-46,2142.45,2011.19,-131.26,554,548
LEADER_Victoire:Victoire,179,224,-45,1807.19,1688.13,-119.06,554,548
MASKEDVILLAIN:Crimson#14,81,125,-44,2070.2,1968.79,-101.41,554,548
TRAINER_Sang:Sang#4,122,78,44,1980.48,2072.78,92.3,552,548
ANOTHERPOSSIBLEZAIN:Zain,107,150,-43,2009.04,1889.41,-119.63,554,548
POKEMONMASTER_Vanya:Vanya#4,208,165,43,1746.8,1861.14,114.34,554,548
TRAINER_Sang:Sang#5,55,12,43,2163.73,2276.76,113.03,554,548
POKEMONMASTER_Vanya:Vanya#5,62,104,-42,2147.87,2018.76,-129.11,554,548
WILDPACK:Lunar,218,176,42,1701.9,1813.32,111.42,554,548
LEADER_Eko:Eko#2,45,86,-41,2192.13,2057.33,-134.8,554,548
POKEMONMASTER_Vanya:Vanya#8,186,145,41,1786.55,1901.97,115.42,554,548
SUPERNERD:Agentbla,129,88,41,1961.93,2055.54,93.61,554,548
ANOTHERPOSSIBLEZAIN:Zain#1,91,131,-40,2048.02,1949.72,-98.3,554,548
DELINQUENT:Lilypad,46,84,-38,2185.0,2059.2,-125.8,554,548
HEXMANIAC_1:Riptide#1,97,135,-38,2018.32,1920.68,-97.64,553,548
POKEMONTRAINER_Vanya:Vanya,18,56,-38,2277.74,2137.7,-140.04,554,548
TAPU_FINI:Tapu Fini#1,109,147,-38,2008.8,1896.61,-112.19,554,548
TRAINER_Skyler:Skyler,134,96,38,1950.73,2039.66,88.93,554,548
VETERANM_3:Pearce,236,274,-38,1643.62,1549.31,-94.31,553,548
WILDPACK:Arid,257,220,37,1580.45,1695.97,115.52,554,548
WORKER3:Seamus,328,365,-37,1403.65,1283.3,-120.35,554,548
ANOTHERPOSSIBLEALESSA:Alessa#1,21,57,-36,2271.27,2134.21,-137.06,554,548
BIRDKEEPER_F:Danika,176,212,-36,1813.78,1712.03,-101.75,554,548
IDEALTRAINER:of Brilliance,110,74,36,2006.93,2079.18,72.25,554,548
LEADER_Samorn:Samorn#3,14,50,-36,2296.9,2160.27,-136.63,554,548
MASKEDVILLAIN2:Teal#14,80,116,-36,2073.88,1992.55,-81.33,554,548
MASKEDVILLAIN2:Teal#16,130,94,36,1958.2,2040.84,82.64,554,548
SAILOR2:Angelo,268,304,-36,1555.44,1476.26,-79.18,554,548
MASKEDVILLAIN_Sang:Silver,303,268,35,1489.09,1558.38,69.29,553,548
POKEMONMASTER_Vanya:Vanya#14,140,105,35,1911.86,2016.87,105.01,554,548
POKEMONRANGER_M2_GANG:Terrance,104,139,-35,2011.32,1914.72,-96.6,554,548
TOURISTM:Calvin,181,216,-35,1796.22,1710.28,-85.94,554,548
ANOTHERPOSSIBLEALESSA:Alessa,35,69,-34,2217.39,2088.19,-129.2,554,548
POKEMONTRAINER_Yezera:Yezera#11,57,23,34,2159.15,2235.48,76.33,553,548
POKEMONTRAINER_Yezera:Yezera#8,135,101,34,1941.93,2029.76,87.83,553,548
ARCHFRIEND_Lainie:Lainie,126,93,33,1967.42,2042.69,75.27,553,548
MASKEDVILLAIN:Crimson#15,47,80,-33,2183.67,2066.55,-117.12,554,548
POKEMONMASTER_Vanya:Vanya#13,131,164,-33,1956.55,1861.14,-95.41,553,548
WAITRESS3:Destiny,60,27,33,2153.1,2208.79,55.69,554,548
BURGLAR:Devin,222,190,32,1688.29,1772.24,83.95,554,548
GUITARIST3:Envy,70,102,-32,2110.26,2022.34,-87.92,554,548
IDEALTRAINER:of Freedom,113,81,32,1997.58,2064.91,67.33,553,548
LEADER_Lambert:Lambert#2,75,106,-31,2097.65,2015.21,-82.44,554,548
MASKEDVILLAIN2:Teal#19,79,48,31,2081.21,2162.04,80.83,554,548
DRAGONTAMER2:Abraham,225,195,30,1670.21,1763.36,93.15,554,548
DRAGONTAMER_F:Bella,166,136,30,1841.76,1918.38,76.62,550,548
DRAGONTAMER_F:Zinnia,90,120,-30,2051.73,1985.09,-66.64,554,548
HIKER:Valrex,117,87,30,1986.09,2055.54,69.45,553,548
TRAINER_Keoni:Keoni#2,143,113,30,1904.63,2007.47,102.84,554,548
VANYAMOM:Vidya,277,247,30,1535.12,1619.82,84.7,554,548
COOLTRAINER_M7:Nero,108,137,-29,2008.8,1914.72,-94.08,554,548
DRAGONTAMER:Bataar,288,259,29,1519.82,1580.99,61.17,554,548
MEDIUM:Izumi,223,252,-29,1680.46,1599.14,-81.32,554,548
ODDISH:Oddium,50,21,29,2177.9,2240.66,62.76,554,548
BLACKBELT:Kai,309,281,28,1475.44,1526.4,50.96,554,548
HARLEQUIN:Minty,136,108,28,1935.86,2013.18,77.32,554,548
MASKEDVILLAIN2:Teal#3,191,219,-28,1777.8,1701.27,-76.53,553,548
ULTRALAINIE:Lainie,67,39,28,2138.9,2186.39,47.49,554,548
WILDPACK:Muggy,227,199,28,1664.7,1754.57,89.87,553,548
BATTLEGIRL:Tester,405,378,27,1164.62,1228.7,64.08,535,548
FORMERCHAMP_Scilla:Scilla,31,58,-27,2224.75,2129.88,-94.87,554,548
GARDENER:Larry,174,201,-27,1820.81,1749.73,-71.08,554,548
LEADER_Helena:Helena#3,43,16,27,2195.7,2268.38,72.68,554,548
TRAINER_Candy:Candy#1,44,17,27,2195.7,2260.23,64.53,554,548
TRAINER_Sang:Sang#2,216,189,27,1718.09,1772.3,54.21,554,548
ANOTHERPOSSIBLETAMARIND:Tamarind,123,97,26,1973.42,2038.95,65.53,553,548
JUGGLER:Mikael,355,329,26,1331.02,1396.57,65.55,553,548
TRAINER_Imogene_A:Imogene#1,98,124,-26,2018.32,1970.17,-48.15,553,548
ANCIENTPRIEST:Kazmilos,284,309,-25,1522.09,1458.66,-63.43,554,548
FAIRYTALEGIRL:Madeline,203,228,-25,1752.73,1670.29,-82.44,554,548
IDEALTRAINER:of Colors,178,203,-25,1809.72,1744.95,-64.77,553,548
LADY4:Pria,206,181,25,1747.88,1791.28,43.4,554,548
RICHBOY4:Darlvon,137,112,25,1922.87,2009.33,86.46,554,548
SCIENTIST_M2:Marco,425,400,25,1098.91,1169.26,70.35,554,548
TAPU_KOKO:Tapu Koko,87,62,25,2056.06,2111.7,55.64,554,548
BACKERS_M:Yanko and Orlando,341,317,24,1374.92,1445.75,70.83,553,548
POKEMONCHAMPION_Vanya:Vanya,10,34,-24,2322.3,2192.05,-130.25,554,548
POKEMONMASTER_Vanya:Vanya#20,190,214,-24,1779.3,1711.82,-67.48,552,547
POKEMONTRAINER_Vanya:Vanya#3,42,18,24,2210.11,2258.91,48.8,554,548
CLERK_M:Scott,269,292,-23,1547.66,1502.95,-44.71,553,548
JUGGLER:Youcef,323,346,-23,1431.65,1348.84,-82.81,553,548
LADY2:Eseria,32,55,-23,2224.75,2139.9,-84.85,554,548
MASKEDVILLAIN:Crimson#9,210,187,23,1740.11,1779.76,39.65,554,548
NIGHTMAREQUEEN_Elise:Elise,58,35,23,2158.85,2189.89,31.04,554,548
WILDPARTY_BULU:of Abundance,183,206,-23,1792.07,1739.99,-52.08,553,548
WORKER3:Bruce,347,324,23,1366.72,1424.44,57.72,554,548
ARTIST3:Drawingbox,175,197,-22,1819.01,1757.54,-61.47,554,548
BUGCATCHER_F:April,185,207,-22,1789.72,1737.12,-52.6,554,548
COOLTRAINER_F3:Leah,368,390,-22,1283.21,1207.47,-75.74,554,548
FORMERCHAMP_Praveen:Praveen,86,64,22,2057.37,2109.59,52.22,554,548
LEADER_Samorn:Samorn#2,48,70,-22,2179.2,2088.04,-91.16,554,548
MASKEDVILLAIN2_DOUBLE:Teal#1,116,138,-22,1986.99,1914.72,-72.27,551,548
MASKEDVILLAIN_DOUBLE:Crimson#12,96,118,-22,2024.47,1992.55,-31.92,553,548
PILOT:Charlie,293,315,-22,1503.75,1450.95,-52.8,554,548
POKEMONMASTER_Vanya:Vanya#10,152,130,22,1873.82,1953.36,79.54,554,548
SCIENTIST_F:LunaFlare,66,44,22,2141.96,2177.8,35.84,553,548
TRAINER_Alessa:Alessa#4,23,45,-22,2266.18,2168.98,-97.2,554,548
TRAINER_Zain:Zain#1,283,261,22,1524.36,1576.4,52.04,554,548
VETERANM:Yoshihiro,279,301,-22,1533.4,1483.65,-49.75,554,548
BACKERS_F:Maria and Iveta,237,258,-21,1638.16,1583.25,-54.91,554,548
MASKEDVILLAIN2:Teal#17,40,19,21,2216.89,2256.23,39.34,552,548
MASKEDVILLAIN2:Teal#21,20,41,-21,2272.34,2181.32,-91.02,552,548
SPIRITGUARDIAN2:Sonya#1,111,90,21,2006.93,2051.82,44.89,554,548
SWIMMER_F2:Astrid,273,294,-21,1544.64,1500.57,-44.07,554,548
TRAINER_Zain:Zain#2,51,72,-21,2177.9,2084.23,-93.67,554,548
BEAUTY:Gretchen,406,426,-20,1160.88,1071.88,-89.0,554,548
FORMERCHAMP_Elise:Elise,22,42,-20,2266.2,2181.26,-84.94,554,548
IDEALTRAINER:of Tradition,195,175,20,1774.7,1815.22,40.52,553,548
LEADER_Bence:Bence#1,352,332,20,1360.06,1393.71,33.65,554,548
LEADER_Noel:Noel#1,255,235,20,1582.52,1653.02,70.5,554,548
MASKEDVILLAIN2:Teal#2,220,240,-20,1697.49,1641.68,-55.81,554,548
POKEMONMASTER_Vanya:Vanya,202,182,20,1759.43,1790.81,31.38,553,548
POKEMONMASTER_Vanya:Vanya#6,182,162,20,1796.12,1868.13,72.01,554,548
POKEMONTRAINER_Vanya:Vanya#2,28,8,20,2244.48,2301.91,57.43,554,548
POKEMONTRAINER_Yezera:Yezera#7,103,83,20,2011.35,2061.02,49.67,554,548
ROUGHNECK2:Jaggedthorn,141,121,20,1910.1,1979.65,69.55,554,548
SWIMMER_F6:Kiana,275,295,-20,1537.89,1500.57,-37.32,554,548
TRAINER_Eifion:Eifion#1,114,134,-20,1995.72,1929.38,-66.34,553,548
CLOWN:Dimesmart,390,409,-19,1217.69,1133.52,-84.17,554,548
IDEALTRAINER:of Beauty,127,146,-19,1962.21,1900.2,-62.01,553,548
OFFICEWORKER_M:Kurt,321,302,19,1432.99,1481.2,48.21,554,548
POKEMONMASTER_Vanya:Vanya#11,145,126,19,1890.29,1962.72,72.43,554,548
POKEMONTRAINER_Yezera:Yezera#4,413,394,19,1133.34,1184.58,51.24,554,548
PSYCHIC_M3:Boban,416,397,19,1125.37,1177.98,52.61,554,548
TRAINER_Zain:Zain#3,19,38,-19,2274.25,2186.39,-87.86,554,548
VETERAN_F:Emily,252,271,-19,1598.54,1551.58,-46.96,554,548
GAMBLER:IgnitedxSoul,158,140,18,1854.59,1911.02,56.43,554,548
GENTLEMAN3:Oliver,374,356,18,1260.7,1319.0,58.3,554,548
LEADER_Noel:Noel,300,282,18,1492.09,1524.08,31.99,554,548
MASKEDVILLAIN2:Teal#11,83,65,18,2064.78,2109.59,44.81,554,548
POKEMONTRAINER_Yezera:Yezera#6,212,194,18,1729.25,1763.52,34.27,554,548
SEEKER_Nora:Nora,209,227,-18,1740.93,1670.77,-70.16,554,548
SHADOWMAVIS:Mavis,170,188,-18,1830.49,1774.78,-55.71,554,548
TRAINER_Alessa:Alessa#5,271,289,-18,1546.88,1509.6,-37.28,554,548
TUBER_M:Derek,401,383,18,1180.61,1222.45,41.84,554,548
ARTIFICIALTRAINER:Solitaire,336,353,-17,1383.36,1333.07,-50.29,487,548
ARTIST3:Frida,367,350,17,1284.71,1339.43,54.72,554,548
FORMERCHAMP_Vincent:Vincent,69,52,17,2122.87,2148.66,25.79,552,548
POKEFAN_F:Impi,397,380,17,1206.59,1228.02,21.43,554,548
POKEMONBREEDER_M2:Pechapanda,304,287,17,1487.62,1514.33,26.71,554,548
POKEMONMASTER_Vanya:Vanya#3,139,122,17,1917.42,1977.63,60.21,554,548
SCIENTIST_M3:Gunter,247,230,17,1614.61,1668.64,54.03,554,548
TRAINER_Imogene_A:Imogene,508,525,-17,701.7,605.03,-96.67,553,548
VANYADAD:Avram,294,277,17,1501.44,1535.41,33.97,554,548
ANCIENTPRIEST:Chestibor,317,333,-16,1440.72,1390.82,-49.9,554,548
COOLTRAINER_M7:X,52,68,-16,2176.4,2095.38,-81.02,554,548
HEXMANIAC:Errata,12,28,-16,2310.56,2207.57,-102.99,554,548
LASS:Rovina,342,326,16,1373.29,1416.23,42.94,554,548
LEADER_Lambert:Lambert#3,33,49,-16,2220.08,2161.01,-59.07,554,548
MASKEDVILLAIN:Crimson#22,41,25,16,2212.66,2222.02,9.36,554,548
TAPU_LELE:Tapu Lele,115,99,16,1991.77,2037.15,45.38,553,548
COOLTRAINER_F7:Nyx,246,231,15,1619.26,1667.01,47.75,554,548
GARDENER:Bud,239,254,-15,1635.11,1596.82,-38.29,554,548
JANITOR:Eric,399,384,15,1192.1,1221.94,29.84,553,548
LASS3:Carmen,339,354,-15,1378.36,1329.87,-48.49,554,548
NIGHTMARE_TRAINER:Agony,290,275,15,1512.97,1535.61,22.64,554,548
SEEKER_Nora:Nora#1,74,59,15,2106.65,2127.21,20.56,554,548
TOURISTM:Chus,9,24,-15,2339.98,2233.51,-106.47,554,548
AROMALADY3:Henrietta,331,345,-14,1389.75,1348.84,-40.91,554,548
BUGCATCHER_F:Lovina,477,463,14,839.51,866.87,27.36,554,548
DANDY:Jules,326,340,-14,1415.67,1361.15,-54.52,553,548
KILLU:Killu,89,75,14,2054.11,2077.38,23.27,553,548
ROUGHNECK2:Flavio,388,402,-14,1221.36,1169.04,-52.32,554,548
RUINMANIAC2:Nabil,307,321,-14,1485.01,1437.45,-47.56,554,548
SAILOR2:Noah,398,412,-14,1202.86,1129.3,-73.56,554,548
SMASHER:Stella,396,410,-14,1207.12,1133.33,-73.79,553,548
ARTIFICIALTRAINER:Trinity,296,283,13,1495.92,1521.97,26.05,551,547
BUGCATCHER2:Rangsan,267,280,-13,1555.82,1530.86,-24.96,554,548
CAMPER:Christian,463,476,-13,883.77,836.47,-47.3,553,548
COOLTRAINER_F7:Milja,338,351,-13,1381.23,1336.26,-44.97,554,548
DANDY:Roger,204,217,-13,1752.71,1703.76,-48.95,554,548
IRISCOSPLAYER:Isabelle,187,200,-13,1786.31,1751.62,-34.69,554,548
MASKEDVILLAIN2_DOUBLE:Teal#13,26,13,13,2249.12,2275.53,26.41,552,548
RICHCOUPLE:Diana and Edward,249,236,13,1598.96,1652.9,53.94,553,548
SCIENTIST_M5:Sonatane,377,364,13,1257.21,1290.98,33.77,554,548
TAPU_KOKO:Tapu Koko#1,27,40,-13,2247.4,2184.83,-62.57,554,548
VETERAN_F:Genevieve,458,471,-13,908.05,851.65,-56.4,554,548
BEAUTY2:Enisa,480,492,-12,826.57,774.71,-51.86,554,548
BIRDKEEPER_M:Kendall,364,376,-12,1294.75,1242.02,-52.73,554,548
CHALLENGER_Vanya:Vanya#6,272,260,12,1544.64,1578.73,34.09,554,548
CHEF:Gordon,245,257,-12,1621.39,1583.36,-38.03,552,548
FORMERCHAMP_Elise:Elise#1,34,46,-12,2218.29,2168.68,-49.61,554,548
GAMBLER:Tiki,196,184,12,1774.02,1784.99,10.97,554,548
MASKEDVILLAIN2:Teal#5,154,166,-12,1859.98,1840.49,-19.49,554,548
MASKEDVILLAIN:Crimson#7,217,229,-12,1717.15,1669.35,-47.8,553,548
NIGHTMARE_TRAINER:Torment,261,273,-12,1571.48,1551.25,-20.23,554,548
POKEMONRANGER_M4_GANG:Micah,230,218,12,1662.16,1702.13,39.97,553,548
SPIRITGUARDIAN2:Sonya,184,172,12,1791.29,1817.08,25.79,553,548
SWIMMER_F5:Shreya,281,293,-12,1528.89,1502.95,-25.94,554,548
WORKER6:Paul,340,352,-12,1375.47,1336.26,-39.21,554,548
CRIMINALTEAM:Gianna and Rocco,214,225,-11,1724.44,1673.21,-51.23,553,548
DOCTOR:Renaldo,287,298,-11,1521.68,1493.37,-28.31,554,548
GUITARIST3:Jamie,393,382,11,1214.01,1222.45,8.44,554,548
HOOPSTER:Jerel,478,489,-11,839.51,779.19,-60.32,554,548
IDEALTRAINER:of Days,167,156,11,1839.23,1882.27,43.04,554,548
KIMONOGIRL:Chiyo,286,297,-11,1521.82,1497.66,-24.16,553,548
LEADER_Eko:Eko#3,11,22,-11,2320.03,2236.12,-83.91,554,548
MASKEDVILLAIN:Crimson#17,78,67,11,2084.87,2102.49,17.62,554,548
NIGHTMAREQUEEN_Elise:Elise#1,25,14,11,2257.73,2272.54,14.81,554,548
POKEMONRANGER_M:Ivan,464,475,-11,882.4,845.18,-37.22,554,548
REPORTER:Helga,484,473,11,815.55,849.52,33.97,554,548
REPORTER:Pesha,327,338,-11,1411.81,1370.22,-41.59,554,548
TAPU_BULU:Tapu Bulu,71,60,11,2110.26,2127.21,16.95,554,548
TEACHER:Hilde,479,468,11,830.89,862.54,31.65,554,548
TOURISTF:Mariana,473,484,-11,854.46,801.4,-53.06,554,548
WORKER2:Hugo,363,374,-11,1298.06,1247.16,-50.9,554,548
ARTIST2:Frank,332,342,-10,1389.75,1358.1,-31.65,554,548
CHALLENGER_Vanya:Vanya#1,490,480,10,804.89,812.27,7.38,554,548
DANDY:Charles,472,482,-10,865.28,810.21,-55.07,554,548
ELDER:Huy,306,296,10,1485.01,1498.18,13.17,554,548
GENTLEMAN:Nicholas,316,306,10,1457.31,1468.79,11.48,553,548
LEADER_Rafael:Rafael,443,433,10,997.32,1021.43,24.11,554,548
LEADER_Samorn:Samorn,149,159,-10,1881.19,1876.89,-4.3,554,548
LEADER_Zoe:Zoé,407,417,-10,1153.08,1121.22,-31.86,554,548
MAID:Wendy,228,238,-10,1662.65,1650.59,-12.06,554,548
MASKEDVILLAIN2:Teal#10,124,114,10,1973.16,2003.74,30.58,554,548
MASKEDVILLAIN:Crimson#8,253,243,10,1593.99,1636.23,42.24,554,548
MASKEDVILLAIN_DOUBLE:Crimson#1,188,178,10,1783.84,1803.75,19.91,553,548
PSYCHIC_F3:Felicia,198,208,-10,1766.52,1735.17,-31.35,554,548
RICHBOY:Splitmoon,133,123,10,1950.73,1970.17,19.44,554,548
RUINMANIAC:Matteo,320,330,-10,1433.69,1396.57,-37.12,554,548
SAGE:Imay,509,519,-10,700.88,649.52,-51.36,554,548
YOUNGSTER3:Sorin,497,487,10,765.3,796.98,31.68,554,548
BATTLEGIRL2:Yumei,369,360,9,1281.63,1301.36,19.73,554,548
DRAGONTAMER:Georgius#1,386,395,-9,1227.01,1180.71,-46.3,553,548
FORMERCHAMP_Chara:Chara,72,63,9,2108.64,2109.59,0.95,554,548
HIKER2:Rhys,299,290,9,1493.66,1507.69,14.03,553,548
IDOL:Teagan,376,385,-9,1257.21,1218.73,-38.48,554,548
LASS2:Faye,387,396,-9,1225.57,1180.71,-44.86,553,548
MASKEDVILLAIN2_DOUBLE:Teal,159,168,-9,1853.27,1835.75,-17.52,552,548
RICHBOY2:Theodore,521,512,9,650.99,675.48,24.49,554,548
ROUGHNECK:Randall,408,399,9,1153.08,1172.94,19.86,554,548
SCHOOLKID_F3:Dinah,302,311,-9,1489.74,1458.66,-31.08,554,548
SCHOOLKID_F4:Lucia,278,269,9,1533.4,1553.85,20.45,554,548
TEENAGERM:Burke,310,319,-9,1468.17,1440.5,-27.67,554,548
WILDPACK:Frigid,189,198,-9,1781.69,1757.54,-24.15,554,548
BACKPACKER_M:Freedom,489,481,8,806.04,810.21,4.17,553,548
BATTLEGIRL3:Amelia,262,270,-8,1569.24,1551.58,-17.66,554,548
BEAUTY:Kryssa,353,361,-8,1339.6,1298.88,-40.72,554,548
CEO:Beatrice,360,368,-8,1304.64,1269.4,-35.24,554,548
CHALLENGER_Vanya:Vanya#5,305,313,-8,1487.38,1456.11,-31.27,554,548
CHALLENGER_Vanya:Vanya#7,233,241,-8,1655.19,1639.67,-15.52,554,548
ELDER:Logun,53,61,-8,2170.81,2111.75,-59.06,554,548
LOST_RANGER_PURPLE:Farid,234,242,-8,1650.94,1636.23,-14.71,553,548
MASKEDVILLAIN2:Teal#7,157,149,8,1854.93,1896.59,41.66,554,548
MASKEDVILLAIN:Crimson#11,171,163,8,1830.4,1864.33,33.93,554,548
MASKEDVILLAIN:Crimson#3,240,248,-8,1634.54,1616.21,-18.33,554,548
MASKEDVILLAIN:Crimson#4,264,256,8,1566.94,1594.59,27.65,554,548
MEDIUM:Paula,291,299,-8,1510.67,1491.28,-19.39,554,548
PILOT:Kurtis,259,267,-8,1578.21,1560.65,-17.56,554,548
POKEMANIAC:Paris,448,456,-8,967.67,905.76,-61.91,554,548
POKEMONBREEDER_F:Miss Zesty,162,170,-8,1846.09,1827.02,-19.07,554,548
POKEMONRANGER_M2:Connor,475,467,8,852.41,862.54,10.13,554,548
PROFESSOR_Tamarind:Tamarind,99,91,8,2018.18,2050.09,31.91,554,548
SAGE:Rennyo#1,422,414,8,1103.18,1125.26,22.08,554,548
SAGE:Takeshi,213,221,-8,1725.34,1695.03,-30.31,554,548
SCHOOLKID_M:Louis,518,510,8,656.18,687.89,31.71,554,548
SHADOWMAVIS:Mavis#1,38,30,8,2217.39,2196.92,-20.47,554,548
SWIMMER_M:Stannis,415,407,8,1129.36,1145.34,15.98,554,548
TAPU_BULU:Tapu Bulu#1,39,47,-8,2217.39,2165.51,-51.88,554,548
TRAINER_Alessa:Alessa#6,29,37,-8,2237.64,2186.39,-51.25,554,548
TRAINER_Eifion:Eifion,460,452,8,895.23,935.91,40.68,554,548
TRAINER_Keoni:Keoni#1,383,391,-8,1239.48,1196.09,-43.39,554,548
TRAINER_Zain:Zain,345,337,8,1367.62,1376.18,8.56,553,548
WILDPARTY_KOKO:of Conflict,241,233,8,1631.41,1659.48,28.07,554,548
BURGLAR:Keith,409,416,-7,1149.15,1121.22,-27.93,554,548
CLERK_M2:Marton,481,488,-7,822.25,779.19,-43.06,554,548
COLLECTOR:Mirko,379,372,7,1254.13,1248.06,-6.07,554,548
COOLTRAINER_M3:Dada,125,132,-7,1967.47,1947.34,-20.13,554,548
LEADER_Helena:Helena#2,105,98,7,2010.68,2037.2,26.52,554,548
MASKEDVILLAIN:Crimson#18,160,153,7,1851.1,1885.83,34.73,554,548
POKEKID:Braden,487,494,-7,813.58,763.64,-49.94,554,548
POKEMONMASTER_Vanya:Vanya#15,147,154,-7,1884.76,1885.83,1.07,554,548
SCIENTIST_F3:Viola,427,420,7,1094.7,1109.01,14.31,552,548
SWIMMER_F3:Bree,351,344,7,1360.81,1355.03,-5.78,554,548
SWIMMER_M4:Jan,381,388,-7,1243.06,1214.99,-28.07,554,548
WAITRESS2:Fanfan,102,109,-7,2012.91,2011.24,-1.67,554,548
WILDPARTY_FINI:of Hope,229,222,7,1662.65,1693.94,31.29,554,548
WORKER:Kevin,493,486,7,791.79,796.98,5.19,554,548
ANCIENTPRIEST:Dobromil,312,318,-6,1462.3,1440.5,-21.8,553,548
BOARDER:Lev,442,448,-6,997.32,957.39,-39.93,554,548
CLERK_F:Rosalie,349,355,-6,1363.77,1326.65,-37.12,554,548
COOLTRAINERSQUAD_2:Shouta and Kaede,192,186,6,1777.13,1781.87,4.74,554,548
CYCLIST_F:Anastasia,372,366,6,1267.64,1279.85,12.21,554,548
CYCLIST_M:Mitron,468,474,-6,873.84,847.48,-26.36,554,548
DOCTOR:Peio,395,401,-6,1207.67,1169.04,-38.63,554,548
EXPERTF:Kimiko,199,205,-6,1764.58,1740.19,-24.39,554,548
HARLEQUIN:Vincenzi,529,523,6,601.57,618.89,17.32,554,548
HARLEQUIN:Vincenzi#1,400,406,-6,1183.99,1149.32,-34.67,554,548
LEADER_Eko:Eko#1,459,453,6,899.5,927.31,27.81,554,548
LEADER_Samorn:Samorn#1,49,43,6,2177.9,2177.97,0.07,554,548
MASKEDVILLAIN:Crimson#10,226,232,-6,1665.15,1660.36,-4.79,554,548
MASKEDVILLAIN_Sang:Silver#1,256,250,6,1580.45,1605.99,25.54,554,548
POKEMONMASTER_Vanya:Vanya#16,161,155,6,1851.09,1885.83,34.74,554,548
POKEMONRANGER_F:Val,449,455,-6,964.97,910.07,-54.9,553,548
POKEMONTRAINER_Yezera:Yezera#1,483,477,6,817.92,823.37,5.45,554,548
POKEMONTRAINER_Yezera:Yezera#3,452,446,6,937.9,965.97,28.07,554,548
SCIENTIST_F3:Nkechi,207,213,-6,1747.51,1712.03,-35.48,553,548
WAITRESS:Carmilla,424,418,6,1101.19,1113.09,11.9,554,548
ANOTHERPOSSIBLETAMARIND:Tamarind#1,84,79,5,2062.97,2068.31,5.34,553,548
ARTIFICIALTRAINER:Doppel,258,263,-5,1578.44,1573.86,-4.58,531,545
BLACKBELT3:Philip,496,501,-5,769.75,726.39,-43.36,554,548
BURGLAR:Martino,153,148,5,1860.47,1896.59,36.12,553,548
BUTLER:Sagan,221,226,-5,1691.99,1672.46,-19.53,551,547
CAMERAMAN:Marcel,429,434,-5,1064.29,1017.18,-47.11,554,548
CAMPER_F:Tanya,313,308,5,1462.3,1468.38,6.08,553,548
CAMPER_F:Veronica,384,389,-5,1235.89,1211.24,-24.65,554,548
CHALLENGER_Vanya:Vanya#8,112,107,5,2003.18,2014.98,11.8,554,548
CLOWN:Klemens,467,462,5,875.19,875.53,0.34,553,548
COOLTRAINER_F7:Blaire,344,339,5,1370.62,1363.29,-7.33,554,548
DELINQUENT:Jeralyn,445,450,-5,994.7,948.81,-45.89,553,548
DITTO_AROMALADY:Cindalice,435,440,-5,1022.6,987.37,-35.23,554,548
DITTO_HIKER:Kevinick,436,441,-5,1022.6,987.37,-35.23,554,548
LEADER_Rafael:Rafael#1,380,375,5,1243.29,1244.45,1.16,554,548
MAID:Alice,501,506,-5,738.24,707.71,-30.53,554,548
MASKEDVILLAIN2:Teal#15,15,10,5,2295.83,2281.04,-14.79,554,548
MASKEDVILLAIN:Crimson#19,95,100,-5,2029.4,2033.5,4.1,554,548
POKEMONMASTER_Vanya:Vanya#21,132,127,5,1954.74,1962.72,7.98,553,548
POKEMONMASTER_Vanya:Vanya#7,197,202,-5,1767.01,1745.77,-21.24,553,548
POKEMONMASTER_Vanya:Vanya#9,138,133,5,1922.56,1940.45,17.89,553,548
PUNKM:Vlad,362,367,-5,1301.36,1276.39,-24.97,554,548
SAILOR:Dom,201,196,5,1761.58,1760.52,-1.06,554,548
SCHOOLKID_GHOST:Honesty,346,341,5,1366.72,1361.15,-5.57,554,548
SOCIALITE:Elizabeth,523,528,-5,650.99,587.05,-63.94,554,548
SPIRITGUARDIAN3:Preeti,24,29,-5,2263.15,2200.46,-62.69,554,548
SWIMMER_F4:Yvonne,298,303,-5,1494.44,1478.74,-15.7,554,548
TRAINER_Alessa:Alessa#1,474,479,-5,852.87,814.61,-38.26,553,548
TRAINER_Alessa:Alessa#2,354,349,5,1339.56,1342.58,3.02,552,548
TRAINER_Eifion:Eifion#3,77,82,-5,2088.52,2064.66,-23.86,554,548
WILDPARTY_LELE:of Life,168,173,-5,1835.83,1817.08,-18.75,554,548
YOUNGSTER:Buzim,330,325,5,1394.15,1423.94,29.79,553,548
BATTLEGIRL:Eliza,538,534,4,539.39,535.4,-3.99,554,548
BEAUTY4:Brunhilda,295,291,4,1496.78,1505.33,8.55,554,548
BEAUTY6:Brenda,319,323,-4,1435.58,1426.79,-8.79,554,548
BIRDKEEPER_M2:Bernhard,411,415,-4,1145.22,1124.23,-20.99,554,548
BLACKBELT2:Riccardo,289,285,4,1515.26,1517.1,1.84,554,548
BLACKBELT:Santiago,311,307,4,1463.28,1468.45,5.17,554,548
CLERK_M2:Zoltan,454,458,-4,929.38,892.82,-36.56,554,548
COLLECTOR:Emre,431,435,-4,1035.17,1017.18,-17.99,554,548
COOLTRAINER_F7:Jade,453,449,4,930.85,957.39,26.54,553,548
COOLTRAINER_M7:Emir,292,288,4,1507.94,1510.06,2.12,553,548
FIREBREATHER:Bradley,324,328,-4,1422.51,1396.57,-25.94,554,548
GUITARIST3:Athena,260,264,-4,1571.48,1567.43,-4.05,554,548
GUITARIST3:Mai,482,478,4,817.92,818.99,1.07,554,548
IDEALTRAINER:of Conquest,164,160,4,1843.19,1873.32,30.13,553,548
IDEALTRAINER:of Origins,163,167,-4,1845.28,1839.59,-5.69,554,548
KATY:Manycrows,73,77,-4,2108.31,2073.76,-34.55,553,548
LADY3:Kristiane,394,398,-4,1212.46,1172.94,-39.52,554,548
LEADER_Zoe:Zoé#1,359,363,-4,1307.9,1293.56,-14.34,554,548
LINEBACKER:Josh,513,509,4,686.35,690.5,4.15,554,548
LOST_RANGER_GREEN:Farid,251,255,-4,1598.54,1595.04,-3.5,554,548
MASKEDVILLAIN2:Teal#18,155,151,4,1856.48,1889.41,32.93,554,548
MASKEDVILLAIN2:Teal#22,36,32,4,2217.39,2193.4,-23.99,554,548
MASKEDVILLAIN2:Teal#6,200,204,-4,1762.45,1743.86,-18.59,553,548
MASKEDVILLAIN2:Teal#8,173,169,4,1824.57,1830.37,5.8,554,548
MASKEDVILLAIN:Crimson#5,219,215,4,1699.56,1711.33,11.77,554,548
MASKEDVILLAIN:Crimson#6,270,266,4,1546.88,1560.65,13.77,554,548
NINJABOY:Matthew,542,546,-4,497.27,452.69,-44.58,554,548
NURSE:Ellen,439,443,-4,1018.4,970.26,-48.14,554,548
PARASOLLADY2:Antoinette,235,239,-4,1647.83,1648.18,0.35,554,548
POKEFAN_M:Jamie,524,520,4,635.13,638.76,3.63,553,548
POKEMONBREEDER_M4:Isaac,375,379,-4,1259.44,1228.41,-31.03,554,548
POKEMONTRAINER_Yezera:Yezera#2,476,472,4,848.11,849.52,1.41,554,548
ROUGHNECK2:Robert,446,442,4,976.16,978.82,2.66,554,548
ROUGHNECK:Reese,382,386,-4,1239.48,1217.17,-22.31,554,548
SAGE:Shion,433,429,4,1035.17,1042.56,7.39,554,548
SCIENTIST_M:Julien,420,424,-4,1119.16,1088.47,-30.69,553,548
SPIRITGUARDIAN3:Preeti#1,16,20,-4,2291.3,2256.23,-35.07,553,548
SPIRITGUARDIAN4:Brigitte#1,3,7,-4,2389.21,2313.0,-76.21,552,548
SUSPICIOUSMAN:Tommaso,242,246,-4,1628.65,1620.63,-8.02,554,548
TRAINER_Sang:Sang#3,146,142,4,1886.0,1908.07,22.07,554,548
TWINS2:Bella and Meghan,412,408,4,1135.38,1139.25,3.87,554,548
VETERANM_2:Hadley,385,381,4,1235.89,1226.15,-9.74,554,548
WORKER:Bryn,417,421,-4,1125.37,1109.01,-16.36,554,548
YOUNGSTER2:Davor,301,305,-4,1492.09,1476.26,-15.83,554,548
AROMALADY:Hannah,536,539,-3,546.03,499.69,-46.34,554,548
BATTLEGIRL2:Juniper,250,253,-3,1598.54,1596.86,-1.68,554,548
BEAUTY5:Esme,180,183,-3,1796.77,1784.99,-11.78,554,548
BIKER:Knoxx,297,300,-3,1494.44,1490.91,-3.53,554,548
BIRDKEEPER_F:Amanda,469,466,3,871.88,862.54,-9.34,554,548
CHALLENGER_Vanya:Vanya#3,434,431,3,1030.99,1038.34,7.35,554,548
COOLTRAINER_M7:X#1,8,11,-3,2339.98,2276.76,-63.22,554,548
COOLTRAINER_M7:Xander,505,502,3,724.77,714.77,-10.0,553,548
DITTO_CAMPER:Johnate,441,438,3,1009.98,1000.17,-9.81,554,548
DRAGONTAMER:Georgius,500,503,-3,738.24,714.77,-23.47,554,548
GAMBLER:Gregor,514,511,3,676.47,685.54,9.07,554,548
HEXMANIAC:Lichenprincess,177,174,3,1812.39,1816.19,3.8,554,548
HIKER2:Jude,530,533,-3,583.83,542.2,-41.63,554,548
IDOL:Ishizu,494,497,-3,783.01,742.9,-40.11,554,548
LEADER_Bence:Bence#2,68,71,-3,2128.2,2084.59,-43.61,554,548
LEADER_Helena:Helena#1,440,437,3,1014.19,1008.69,-5.5,554,548
LINEBACKER:Lorenzo,419,422,-3,1119.88,1102.44,-17.44,554,548
MAID2:Maddie,325,322,3,1419.85,1432.53,12.68,554,548
MASKEDVILLAIN2:Teal#4,194,191,3,1775.4,1766.54,-8.86,554,548
MASKEDVILLAIN2_DOUBLE:Teal#12,100,103,-3,2016.89,2019.19,2.3,553,548
MASKEDVILLAIN:Crimson#16,118,115,3,1984.42,2000.01,15.59,554,548
MASKEDVILLAIN_DOUBLE:Crimson#13,56,53,3,2160.14,2148.15,-11.99,553,548
MEDIUM:Theoni,502,499,3,738.24,738.27,0.03,554,548
POKEFAN_F2:Tsveta,486,483,3,813.58,801.4,-12.18,554,548
POKEFAN_F3:Margaret,450,447,3,954.92,961.68,6.76,554,548
POKEMONMASTER_Vanya:Vanya#17,88,85,3,2055.44,2059.2,3.76,554,548
POKEMONRANGER_M3:Grant,365,362,3,1291.42,1297.67,6.25,554,548
SAGE:Rennyo,532,535,-3,571.6,535.4,-36.2,554,548
SCHOOLKID_F:Arya,503,500,3,729.06,728.95,-0.11,554,548
SCHOOLKID_M2:Branimir,511,514,-3,691.23,665.25,-25.98,554,548
SUPERNERD:John,366,369,-3,1291.42,1265.89,-25.53,554,548
SWIMMER_F:Cosmina,276,279,-3,1535.65,1531.01,-4.64,554,548
SWIMMER_M3:Diego,315,312,3,1458.34,1458.66,0.32,554,548
TAPU_LELE:Tapu Lele#1,54,51,3,2170.81,2151.63,-19.18,554,548
TEENAGERF:Naomi,504,507,-3,729.06,705.17,-23.89,554,548
TRAINER_Imogene_B:Imogene,492,495,-3,800.54,761.18,-39.36,554,548
TUBER_M:Peter,545,542,3,489.84,476.79,-13.05,554,548
VETERANM_2:Roy,254,251,3,1593.99,1603.7,9.71,554,548
WAITER:Aaron,92,89,3,2038.8,2055.54,16.74,551,548
ARTIST3_GHOST:Alicynthia,337,335,2,1381.23,1389.68,8.45,554,548
BAKER:Margerie,334,336,-2,1387.66,1384.24,-3.42,552,548
BATTLEGIRL3:Kryska,423,425,-2,1101.69,1084.33,-17.36,553,548
BEAUTY3:Ester,373,371,2,1264.44,1251.66,-12.78,552,548
BOARDER:Alex,456,454,2,912.31,918.69,6.38,554,548
CAMPER_M:Nick,282,284,-2,1524.36,1521.76,-2.6,554,548
CLERK_F:Lily,506,504,2,715.1,709.99,-5.11,554,548
CLERK_M2:Alejandro,447,445,2,971.92,965.97,-5.95,554,548
COOLTRAINER_F:Reina,322,320,2,1432.18,1437.86,5.68,554,548
CYCLIST_F2:Lukka,333,331,2,1389.75,1393.71,3.96,554,548
EXPERTM:Hiroshi,232,234,-2,1660.74,1659.25,-1.49,553,548
FAIRYTALEGIRL:Emmi,64,66,-2,2142.45,2102.49,-39.96,554,548
FAIRYTALEGIRL:Maja,498,496,2,760.83,742.9,-17.93,554,548
FIREBREATHER:Antonio,539,537,2,525.8,514.32,-11.48,554,548
GENTLEMAN3:D,318,316,2,1440.72,1448.36,7.64,554,548
GUITARIST2:Brady,432,430,2,1035.17,1039.81,4.64,554,548
GUITARIST:Reece,533,531,2,565.35,562.0,-3.35,554,548
HEXMANIAC_GHOST:Juno,350,348,2,1360.81,1342.58,-18.23,554,548
HIKER:Dave,547,549,-2,458.82,427.29,-31.53,554,548
JOGGER:Georgio,455,457,-2,929.38,897.13,-32.25,554,548
LASS:Tara,495,493,2,783.01,774.71,-8.3,554,548
LEADER_Bence:Bence,421,423,-2,1109.29,1096.71,-12.58,554,548
LEADER_Bence:Bence#3,6,4,2,2345.2,2378.53,33.33,554,548
LEADER_Lambert:Lambert#1,510,508,2,696.07,690.5,-5.57,554,548
MASKEDVILLAIN2:Teal#23,7,5,2,2341.33,2343.78,2.45,554,548
MASKEDVILLAIN:Crimson#23,17,15,2,2278.12,2271.02,-7.1,554,548
NINJABOY:Hwan,466,464,2,878.13,866.87,-11.26,554,548
NURSERYAIDE:Francesca,403,405,-2,1172.5,1153.29,-19.21,554,548
POKEMONRANGER_F2:Amahle,488,490,-2,813.58,779.19,-34.39,554,548
POKEMONRANGER_M2:Martel,430,432,-2,1064.29,1037.74,-26.55,554,548
POKEMONRANGER_M:Alastar,280,278,2,1530.73,1533.31,2.58,554,548
POKEMONTRAINER_Yezera:Yezera#5,361,359,2,1304.64,1312.31,7.67,554,548
PSYCHIC_M:Uriel,534,532,2,565.35,555.5,-9.85,554,548
RICHBOY3:Ryan,308,310,-2,1482.76,1458.66,-24.1,554,548
RUINMANIAC2:Bernard,274,276,-2,1541.85,1535.61,-6.24,554,548
SAILOR:Konrad,426,428,-2,1097.13,1059.35,-37.78,554,548
SCIENTIST_F:Zofia,389,387,2,1219.85,1216.46,-3.39,554,548
SKIER_F2:Valeriya,457,459,-2,909.47,892.82,-16.65,553,548
TOURISTM:Francois,211,209,2,1735.85,1727.62,-8.23,553,548
TRAINER_Alessa:Alessa,507,505,2,710.39,709.99,-0.4,554,548
TRAINER_Candy:Candy,371,373,-2,1271.7,1248.06,-23.64,553,548
TUBER_F2:Hana,329,327,2,1400.89,1416.23,15.34,554,548
ANCIENTPRIEST:Radzayac,266,265,1,1557.94,1560.65,2.71,554,548
AROMALADY:Cheshire,470,469,1,869.56,858.21,-11.35,554,548
ARTIST:Evan,537,538,-1,539.39,507.06,-32.33,554,548
BACKPACKER_F:Aiyana,471,470,1,866.6,858.21,-8.39,553,548
BACKPACKER_F:Mia,348,347,1,1363.77,1346.16,-17.61,554,548
BIKER2:Chuck,402,403,-1,1180.17,1161.19,-18.98,554,548
BIRDKEEPER_M2:Vlasta,224,223,1,1679.02,1693.35,14.33,554,548
BLACKBELT:Leo,151,152,-1,1874.07,1887.82,13.75,554,548
BURGLAR:Barret,499,498,1,756.35,738.27,-18.08,554,548
CAMERAMAN2:Octavio,391,392,-1,1214.01,1194.61,-19.4,554,548
CAMPER:Liam,428,427,1,1084.88,1067.71,-17.17,554,548
CHALLENGER_Vanya:Vanya,525,524,1,624.76,616.5,-8.26,553,548
CHEF:Travis,519,518,1,650.99,649.52,-1.47,554,548
DITTO_RANGER:Hannamy,438,439,-1,1018.4,1000.17,-18.23,554,548
DRAGONTAMER:Arthur,238,237,1,1638.16,1650.59,12.43,554,548
FORMERCHAMP_Elise:Elise#2,5,6,-1,2345.2,2331.02,-14.18,554,548
GARDENER:Jacek,418,419,-1,1123.04,1110.98,-12.06,554,548
GENTLEMAN:Wilfrid,546,545,1,482.28,452.69,-29.59,554,548
GUITARIST2:Alan,392,393,-1,1214.01,1192.27,-21.74,554,548
IDEALTRAINER:of Riches,156,157,-1,1855.1,1878.72,23.62,554,548
KIMONOGIRL:Haera,461,460,1,890.96,888.5,-2.46,554,548
LASS2:Sienna,549,548,1,450.73,444.37,-6.36,554,548
LASS4:Chloe,528,529,-1,607.33,574.7,-32.63,554,548
LOST_RANGER_BLUE:Farid,263,262,1,1567.19,1576.22,9.03,553,548
MASKEDVILLAIN2:Teal#9,93,92,1,2035.13,2048.21,13.08,554,548
MASKEDVILLAIN:Crimson#2,285,286,-1,1522.09,1517.1,-4.99,554,548
MASKEDVILLAIN_DOUBLE:Crimson,244,245,-1,1625.85,1627.02,1.17,552,548
PARASOLLADY:Clarissa,462,461,1,884.63,876.73,-7.9,554,548
POKEMANIAC:Nikos,437,436,1,1022.6,1017.18,-5.42,554,548
POKEMONBREEDER_F4:Sara,335,334,1,1386.92,1390.19,3.27,554,548
POKEMONMASTER_Vanya:Vanya#12,172,171,1,1829.05,1827.02,-2.03,554,548
POKEMONTRAINER_Vanya:Vanya#1,37,36,1,2217.39,2187.77,-29.62,554,548
POKEMONTRAINER_Yezera:Yezera,520,521,-1,650.99,633.29,-17.7,554,548
POKEMONTRAINER_Yezera:Yezera#9,4,3,1,2372.82,2395.48,22.66,554,548
PSYCHIC_M2:Rohan,414,413,1,1129.36,1125.26,-4.1,554,548
RUINMANIAC:Spencer,516,515,1,661.33,660.06,-1.27,554,548
SAILOR:Dylan,535,536,-1,552.56,528.49,-24.07,554,548
SCIENTIST_F:Marie,515,516,-1,676.47,654.82,-21.65,554,548
SKIER_F:Natalia,378,377,1,1256.88,1240.82,-16.06,553,548
SWIMMER_M2:Finn,410,411,-1,1149.15,1131.19,-17.96,554,548
TEENAGERM:Jonas,531,530,1,583.83,574.7,-9.13,554,548
TRAINER_Eifion:Eifion#2,30,31,-1,2231.02,2193.77,-37.25,554,548
TRAINER_Keoni:Keoni,512,513,-1,691.23,673.34,-17.89,554,548
VETERANM:Taro,248,249,-1,1607.69,1608.28,0.59,554,548
WORKER5:Jbsundown,144,143,1,1897.29,1903.82,6.53,554,548
YOUNGSTER:Harvey,548,547,1,458.82,452.69,-6.13,554,548
ANOTHERPOSSIBLERAFAEL:Rafael,2,2,0,2499.5,2496.7,-2.8,554,548
ANOTHERPOSSIBLERAFAEL:Rafael#1,1,1,0,2508.06,2505.55,-2.51,554,548
ARTIST4:Rabah,314,314,0,1460.55,1450.95,-9.6,554,548
ARTIST:Arnold,370,370,0,1281.33,1263.41,-17.92,554,548
BAKER:Rose,517,517,0,656.18,649.52,-6.66,554,548
BUGCATCHER_F:Caitlyn,544,544,0,490.11,452.69,-37.42,553,548
CHALLENGER_Vanya:Vanya#2,465,465,0,878.13,864.75,-13.38,554,548
CHALLENGER_Vanya:Vanya#4,357,357,0,1307.9,1316.9,9.0,554,548
CLERK_M2:Papper,128,128,0,1961.93,1960.89,-1.04,554,548
COWGIRL:Sasha,404,404,0,1168.64,1157.24,-11.4,554,548
DANCER:Isai,527,527,0,613.01,587.05,-25.96,554,548
DITTO_PROTRAINER:Xandevon,358,358,0,1307.9,1316.9,9.0,554,548
LADY2:Rebecca,540,540,0,525.8,492.18,-33.62,554,548
LEADER_Eko:Eko,485,485,0,813.58,796.98,-16.6,554,548
LEADER_Helena:Helena,451,451,0,937.9,935.91,-1.99,554,548
LEADER_Lambert:Lambert,526,526,0,624.18,599.06,-25.12,554,548
PSYCHIC_F2:Ludmila,491,491,0,800.54,779.19,-21.35,554,548
ROLLERSKATER_M:Lane Tester,541,541,0,518.84,492.18,-26.66,554,548
RUINMANIAC:Colby,343,343,0,1372.57,1355.03,-17.54,554,548
SCIENTIST_F:Natasha,444,444,0,997.32,970.26,-27.06,554,548
SCIENTIST_M2:Dexter,522,522,0,650.99,633.29,-17.7,554,548
TUBER_F:Sophie,543,543,0,497.27,468.89,-28.38,554,548
WILDPACK:Solar,193,193,0,1776.57,1764.65,-11.92,554,548
