trainer,rank_singles,rank_singles_uncursed,rank_delta,rating_singles,rating_singles_uncursed,rating_delta,battles_singles,battles_singles_uncursed
LEADER_Samorn:Samorn#1,38,164,-126,2177.9,1844.31,-333.59,554,542
POKEMONTRAINER_Yezera:Yezera#9,2,119,-117,2372.82,1984.44,-388.38,554,542
MASKEDVILLAIN2:Teal#19,68,130,-62,2081.21,1938.98,-142.23,554,542
LEADER_Bence:Bence#3,3,56,-53,2345.2,2143.65,-201.55,554,542
MASKEDVILLAIN:Crimson#11,159,207,-48,1830.4,1716.71,-113.69,554,542
TRAINER_Sang:Sang#3,134,182,-48,1886.0,1802.7,-83.3,554,542
MASKEDVILLAIN2:Teal#21,13,59,-46,2272.34,2128.53,-143.81,552,541
TAPU_KOKO:Tapu Koko#1,18,64,-46,2247.4,2118.64,-128.76,554,542
MASKEDVILLAIN2:Teal#9,82,127,-45,2035.13,1948.41,-86.72,554,542
MASKEDVILLAIN:Crimson#3,228,273,-45,1634.54,1539.19,-95.35,554,542
TAPU_LELE:Tapu Lele#1,43,87,-44,2170.81,2058.24,-112.57,554,541
TRAINER_Sang:Sang#5,44,86,-42,2163.73,2061.08,-102.65,554,541
LEADER_Noel:Noel#1,243,284,-41,1582.52,1517.46,-65.06,554,542
MASKEDVILLAIN2:Teal#15,9,49,-40,2295.83,2157.84,-137.99,554,542
TRAINER_Zain:Zain#1,271,311,-40,1524.36,1441.06,-83.3,554,541
LEADER_Rafael:Rafael#1,369,407,-38,1243.29,1135.95,-107.34,554,542
MASKEDVILLAIN2:Teal#17,30,68,-38,2216.89,2111.4,-105.49,552,542
TAPU_FINI:Tapu Fini#1,98,60,38,2008.8,2125.8,117.0,554,542
MASKEDVILLAIN:Crimson#19,84,121,-37,2029.4,1976.84,-52.56,554,542
MASKEDVILLAIN:Crimson#7,205,241,-36,1717.15,1610.18,-106.97,553,542
MASKEDVILLAIN:Crimson#5,207,242,-35,1699.56,1609.22,-90.34,554,541
LEADER_Lambert:Lambert#3,23,57,-34,2220.08,2136.52,-83.56,554,542
LEADER_Victoire:Victoire#1,108,140,-32,1982.53,1909.1,-73.43,554,542
MASKEDVILLAIN2:Teal#7,145,174,-29,1854.93,1821.36,-33.57,554,541
MASKEDVILLAIN_DOUBLE:Crimson#1,176,204,-28,1783.84,1722.87,-60.97,553,541
MASKEDVILLAIN2_DOUBLE:Teal#13,17,44,-27,2249.12,2171.9,-77.22,552,541
MASKEDVILLAIN:Crimson#9,198,225,-27,1740.11,1653.94,-86.17,554,542
MASKEDVILLAIN_Sang:Silver#1,244,270,-26,1580.45,1541.26,-39.19,554,541
MASKEDVILLAIN2:Teal#11,72,93,-21,2064.78,2050.91,-13.87,554,542
MASKEDVILLAIN2:Teal#3,179,199,-20,1777.8,1746.85,-30.95,553,542
ULTRALAINIE:Lainie,56,36,20,2138.9,2189.76,50.86,554,542
KATY:Manycrows,62,43,19,2108.31,2171.9,63.59,553,541
POKEMONTRAINER_Yezera:Yezera#5,349,368,-19,1304.64,1254.77,-49.87,554,542
SPIRITGUARDIAN4:Brigitte,54,35,19,2142.45,2194.31,51.86,554,542
TRAINER_Zain:Zain#3,12,31,-19,2274.25,2211.35,-62.9,554,542
FORMERCHAMP_Vincent:Vincent,58,41,17,2122.87,2173.77,50.9,552,540
MASKEDVILLAIN2:Teal#20,95,78,17,2009.48,2078.53,69.05,554,542
MASKEDVILLAIN2:Teal#5,142,159,-17,1859.98,1851.23,-8.75,554,542
TOURISTM:Azeler,50,33,17,2147.92,2201.07,53.15,552,540
WAITRESS3:Destiny,49,32,17,2153.1,2204.1,51.0,554,542
COOLTRAINER_M7:X,41,25,16,2176.4,2226.2,49.8,554,542
LEADER_Bence:Bence#2,57,42,15,2128.2,2172.0,43.8,554,542
COOLTRAINER_M7:Nero,97,83,14,2008.8,2065.56,56.76,554,542
HARLEQUIN:Minty,124,110,14,1935.86,2018.61,82.75,554,542
MASKEDVILLAIN2_DOUBLE:Teal#1,104,118,-14,1986.99,1987.77,0.78,551,540
SHADOWMAVIS:Mavis#1,28,14,14,2217.39,2277.55,60.16,554,542
TRAINER_Eifion:Eifion#3,66,52,14,2088.52,2150.75,62.23,554,542
FAIRYTALEGIRL:Emmi,53,40,13,2142.45,2182.64,40.19,554,542
KILLU:Killu,78,65,13,2054.11,2117.05,62.94,553,541
MASKEDVILLAIN:Crimson#20,90,77,13,2016.42,2087.57,71.15,553,541
POKEMONTRAINER_Yezera:Yezera#1,473,486,-13,817.92,769.33,-48.59,554,542
TRAINER_Candy:Candy#1,33,20,13,2195.7,2256.9,61.2,554,542
BIRDKEEPER_F:Danika,164,152,12,1813.78,1876.26,62.48,554,542
ELDER:Logun,42,30,12,2170.81,2215.0,44.19,554,542
LEADER_Eko:Eko#1,449,461,-12,899.5,880.12,-19.38,554,542
POKEMONMASTER_Vanya:Vanya#13,119,107,12,1956.55,2024.3,67.75,553,541
POKEMONTRAINER_Yezera:Yezera#11,46,34,12,2159.15,2194.82,35.67,553,541
TAPU_LELE:Tapu Lele,103,91,12,1991.77,2054.38,62.61,553,542
DELINQUENT:Lilypad,35,24,11,2185.0,2229.81,44.81,554,542
GUITARIST3:Envy,59,48,11,2110.26,2157.84,47.58,554,542
IDEALTRAINER:of Freedom,101,90,11,1997.58,2054.39,56.81,553,541
ODDISH:Oddium,39,28,11,2177.9,2222.36,44.46,554,542
POKEMONTRAINER_Vanya:Vanya#1,27,16,11,2217.39,2269.13,51.74,554,542
TRAINER_Sang:Sang#4,110,99,11,1980.48,2040.65,60.17,552,540
TRAINER_Zain:Zain#2,40,29,11,2177.9,2218.67,40.77,554,542
VETERANM_2:Kirbae,109,98,11,1981.08,2041.48,60.4,552,540
ANOTHERPOSSIBLETAMARIND:Tamarind#1,73,63,10,2062.97,2118.68,55.71,553,541
IDEALTRAINER:of Beauty,115,105,10,1962.21,2026.36,64.15,553,541
LEADER_Samorn:Samorn#2,37,27,10,2179.2,2222.36,43.16,554,542
MASKEDVILLAIN:Crimson#22,31,21,10,2212.66,2254.21,41.55,554,542
POKEMONMASTER_Vanya:Vanya#6,170,160,10,1796.12,1851.23,55.11,554,542
TAPU_BULU:Tapu Bulu,60,50,10,2110.26,2154.29,44.03,554,542
FORMERCHAMP_Elise:Elise#1,24,15,9,2218.29,2269.33,51.04,554,542
LEADER_Lambert:Lambert#2,64,55,9,2097.65,2145.47,47.82,554,542
LEADER_Victoire:Victoire,167,158,9,1807.19,1856.39,49.2,554,542
MASKEDVILLAIN2:Teal#22,26,17,9,2217.39,2265.0,47.61,554,542
MASKEDVILLAIN:Crimson#15,36,45,-9,2183.67,2168.46,-15.21,554,542
MASKEDVILLAIN:Crimson#16,106,97,9,1984.42,2045.02,60.6,554,542
NIGHTMAREQUEEN_Elise:Elise,47,38,9,2158.85,2184.8,25.95,554,542
POKEMONMASTER_Vanya:Vanya#20,178,169,9,1779.3,1829.22,49.92,552,540
POKEMONMASTER_Vanya:Vanya#9,126,117,9,1922.56,1993.31,70.75,553,541
POKEMONTRAINER_Vanya:Vanya#3,32,23,9,2210.11,2245.07,34.96,554,542
SCIENTIST_F:LunaFlare,55,46,9,2141.96,2160.75,18.79,553,541
SEEKER_Nora:Nora#1,63,54,9,2106.65,2147.2,40.55,554,542
TRAINER_Alessa:Alessa#3,48,39,9,2158.77,2184.75,25.98,554,542
WAITRESS2:Fanfan,91,82,9,2012.91,2065.71,52.8,554,542
ANOTHERPOSSIBLETAMARIND:Tamarind,111,103,8,1973.42,2030.13,56.71,553,541
ANOTHERPOSSIBLEZAIN:Zain,96,88,8,2009.04,2056.25,47.21,554,542
EXPERTF:Kimiko,187,179,8,1764.58,1811.45,46.87,554,542
FORMERCHAMP_Chara:Chara,61,53,8,2108.64,2149.12,40.48,554,542
FORMERCHAMP_Praveen:Praveen,75,67,8,2057.37,2113.28,55.91,554,542
IDEALTRAINER:of Tradition,183,175,8,1774.7,1820.73,46.03,553,541
JANITOR:Steeb,153,145,8,1842.66,1890.7,48.04,554,542
JUGGLER:Brickbat,193,185,8,1750.47,1797.51,47.04,553,541
LEADER_Eko:Eko#2,34,26,8,2192.13,2222.36,30.23,554,542
MASKEDVILLAIN2:Teal#14,69,61,8,2073.88,2122.21,48.33,554,542
MASKEDVILLAIN:Crimson#14,70,62,8,2070.2,2122.21,52.01,554,542
POKEMONBREEDER_F:Miss Zesty,150,142,8,1846.09,1894.36,48.27,554,542
POKEMONMASTER_Vanya:Vanya#7,185,177,8,1767.01,1819.72,52.71,553,541
POKEMONRANGER_F_GANG:Amber,157,149,8,1832.43,1879.79,47.36,554,542
POKEMONTRAINER_Yezera:Yezera#10,219,211,8,1660.84,1698.95,38.11,553,541
SAILOR:Dom,189,181,8,1761.58,1805.22,43.64,554,542
SUPERNERD:Agentbla,117,109,8,1961.93,2022.4,60.47,554,542
TAPU_BULU:Tapu Bulu#1,29,37,-8,2217.39,2187.77,-29.62,554,542
TAPU_FINI:Tapu Fini,83,75,8,2033.13,2091.43,58.3,554,542
WILDPACK:Solar,181,173,8,1776.57,1821.63,45.06,554,542
DRAGONTAMER:Bataar,276,269,7,1519.82,1541.48,21.66,554,542
EXPERTM:Hiroshi,220,213,7,1660.74,1696.08,35.34,553,541
HEXMANIAC_1:Riptide#1,86,79,7,2018.32,2078.52,60.2,553,541
IRISCOSPLAYER:Isabelle,175,168,7,1786.31,1837.29,50.98,554,542
KIMONOGIRL:Chiyo,274,267,7,1521.82,1545.89,24.07,553,541
LEADER_Helena:Helena#2,94,101,-7,2010.68,2037.5,26.82,554,542
MASKEDVILLAIN2:Teal#16,118,111,7,1958.2,2018.61,60.41,554,542
MASKEDVILLAIN2:Teal#23,4,11,-7,2341.33,2295.14,-46.19,554,542
POKEMONMASTER_Vanya:Vanya#10,140,133,7,1873.82,1925.84,52.02,554,542
POKEMONRANGER_M:Alastar,268,261,7,1530.73,1555.19,24.46,554,542
POKEMONTRAINER_Vanya:Vanya#2,19,12,7,2244.48,2292.16,47.68,554,542
POKEMONTRAINER_Yezera:Yezera#6,200,193,7,1729.25,1783.75,54.5,554,542
POKEMONTRAINER_Yezera:Yezera#7,92,85,7,2011.35,2061.85,50.5,554,542
POKEMONTRAINER_Yezera:Yezera#8,123,116,7,1941.93,1999.77,57.84,553,541
SPIRITGUARDIAN3:Preeti,16,9,7,2263.15,2318.79,55.64,554,542
TRAINER_Alessa:Alessa#6,20,13,7,2237.64,2278.1,40.46,554,542
TRAINER_Eifion:Eifion#1,102,95,7,1995.72,2047.0,51.28,553,542
TRAINER_Skyler:Skyler,122,115,7,1950.73,2003.44,52.71,554,542
WAITER:Aaron,81,74,7,2038.8,2095.16,56.36,551,539
WILDPACK:Frigid,177,170,7,1781.69,1828.65,46.96,554,542
WILDPARTY_FINI:of Hope,217,210,7,1662.65,1703.77,41.12,554,542
ANOTHERPOSSIBLEALESSA:Alessa#1,14,8,6,2271.27,2323.78,52.51,554,542
ARTIFICIALTRAINER:Doppel,246,240,6,1578.44,1612.83,34.39,531,518
BURGLAR:Martino,141,135,6,1860.47,1916.83,56.36,553,541
DRAGONTAMER_F:Zinnia,79,73,6,2051.73,2096.87,45.14,554,542
HIKER2:Rhys,287,281,6,1493.66,1520.28,26.62,553,541
IDEALTRAINER:of Riches,144,138,6,1855.1,1911.25,56.15,554,542
LOST_RANGER_GREEN:Farid,239,233,6,1598.54,1631.82,33.28,554,542
MASKEDVILLAIN2:Teal#10,112,106,6,1973.16,2026.18,53.02,554,542
MASKEDVILLAIN2:Teal#18,143,137,6,1856.48,1912.8,56.32,554,542
MASKEDVILLAIN:Crimson#21,52,58,-6,2146.01,2136.31,-9.7,554,541
MASKEDVILLAIN_DOUBLE:Crimson#13,45,51,-6,2160.14,2154.21,-5.93,553,541
MEDIUM:Izumi,211,205,6,1680.46,1720.57,40.11,554,542
POKEMONMASTER_Vanya:Vanya#17,77,71,6,2055.44,2104.15,48.71,554,542
POKEMONMASTER_Vanya:Vanya#21,120,114,6,1954.74,2011.14,56.4,553,541
POKEMONRANGER_M4_GANG:Micah,218,212,6,1662.16,1696.88,34.72,553,541
RUINMANIAC2:Nabil,295,289,6,1485.01,1509.05,24.04,554,542
SAGE:Takeshi,201,195,6,1725.34,1770.55,45.21,554,542
WILDPARTY_LELE:of Life,156,150,6,1835.83,1879.79,43.96,554,542
WORKER6:Paul,328,322,6,1375.47,1407.44,31.97,554,542
ARTIST2:Frank,320,325,-5,1389.75,1404.65,14.9,554,542
BUGCATCHER_F:April,173,178,-5,1789.72,1816.82,27.1,554,542
COOLTRAINER_M3:Dada,113,108,5,1967.47,2022.4,54.93,554,542
CRIMINALTEAM:Gianna and Rocco,202,197,5,1724.44,1765.75,41.31,553,541
FORMERCHAMP_Elise:Elise,15,10,5,2266.2,2298.77,32.57,554,542
GENTLEMAN:Nicholas,304,299,5,1457.31,1481.84,24.53,553,541
LEADER_Lambert:Lambert#1,500,505,-5,696.07,678.49,-17.58,554,542
MASKEDVILLAIN2:Teal#2,208,203,5,1697.49,1732.08,34.59,554,542
MASKEDVILLAIN2:Teal#8,161,156,5,1824.57,1871.27,46.7,554,542
MASKEDVILLAIN:Crimson#17,67,72,-5,2084.87,2100.51,15.64,554,542
MASKEDVILLAIN:Crimson#23,10,5,5,2278.12,2328.86,50.74,554,542
MASKEDVILLAIN_DOUBLE:Crimson,232,227,5,1625.85,1650.9,25.05,552,540
PUNKM:ValourDyke,74,69,5,2059.22,2111.35,52.13,553,541
RUINMANIAC2:Bernard,262,257,5,1541.85,1566.1,24.25,554,542
SEEKER_Nora:Nora,197,192,5,1740.93,1784.01,43.08,554,542
TRAINER_Alessa:Alessa#5,259,254,5,1546.88,1571.16,24.28,554,542
TRAINER_Keoni:Keoni#2,131,126,5,1904.63,1948.43,43.8,554,542
ANOTHERPOSSIBLEZAIN:Zain#1,80,76,4,2048.02,2089.56,41.54,554,542
BACKERS_F:Maria and Iveta,225,221,4,1638.16,1674.34,36.18,554,542
BIRDKEEPER_M2:Vlasta,212,208,4,1679.02,1716.23,37.21,554,542
CHALLENGER_Vanya:Vanya#6,260,256,4,1544.64,1566.6,21.96,554,542
COOLTRAINER_F7:Nyx,234,230,4,1619.26,1646.47,27.21,554,542
DOCTOR:Renaldo,275,271,4,1521.68,1539.19,17.51,554,542
FORMERCHAMP_Ansel:Ansel,8,4,4,2305.94,2328.86,22.92,554,542
HARLEQUIN:Regis,253,249,4,1564.61,1584.74,20.13,554,542
HEXMANIAC:Errata,7,3,4,2310.56,2361.55,50.99,554,542
JUGGLER:Youcef,311,307,4,1431.65,1451.52,19.87,553,541
LADY4:Pria,194,190,4,1747.88,1786.43,38.55,554,542
LEADER_Samorn:Samorn,137,141,-4,1881.19,1905.4,24.21,554,542
LOST_RANGER_BLUE:Farid,251,247,4,1567.19,1587.41,20.22,553,541
MASKEDVILLAIN:Crimson#18,148,144,4,1851.1,1892.44,41.34,554,542
MASKEDVILLAIN_DOUBLE:Crimson#12,85,81,4,2024.47,2067.44,42.97,553,541
NIGHTMARE_TRAINER:Torment,249,245,4,1571.48,1596.42,24.94,554,542
PARASOLLADY2:Antoinette,223,219,4,1647.83,1676.95,29.12,554,542
PILOT:Kurtis,247,243,4,1578.21,1598.74,20.53,554,542
POKEMONMASTER_Vanya:Vanya#11,133,129,4,1890.29,1942.75,52.46,554,542
POKEMONMASTER_Vanya:Vanya#14,128,124,4,1911.86,1963.54,51.68,554,542
POKEMONMASTER_Vanya:Vanya#15,135,131,4,1884.76,1938.98,54.22,554,542
POKEMONMASTER_Vanya:Vanya#18,138,134,4,1881.19,1923.98,42.79,554,542
POKEMONMASTER_Vanya:Vanya#3,127,123,4,1917.42,1969.24,51.82,554,542
POKEMONMASTER_Vanya:Vanya#5,51,47,4,2147.87,2159.69,11.82,554,542
POKEMONRANGER_F2:Amahle,478,474,4,813.58,827.48,13.9,554,542
POKEMONTRAINER_Vanya:Vanya,11,7,4,2277.74,2325.43,47.69,554,542
PROFESSOR_Tamarind:Tamarind,88,92,-4,2018.18,2052.51,34.33,554,542
ROUGHNECK2:Jaggedthorn,129,125,4,1910.1,1954.08,43.98,554,542
SCHOOLKID_F4:Lucia,266,262,4,1533.4,1555.19,21.79,554,542
SCIENTIST_M3:Gunter,235,231,4,1614.61,1644.01,29.4,554,542
SHADOWMAVIS:Mavis,158,154,4,1830.49,1874.21,43.72,554,542
SKIER_F:Natalia,367,363,4,1256.88,1279.02,22.14,553,541
SUSPICIOUSMAN:Tommaso,230,226,4,1628.65,1651.44,22.79,554,542
TAPU_KOKO:Tapu Koko,76,80,-4,2056.06,2077.09,21.03,554,542
TOURISTM:Calvin,169,165,4,1796.22,1842.47,46.25,554,542
WILDPACK:Lunar,206,202,4,1701.9,1732.59,30.69,554,542
WORKER5:Jbsundown,132,128,4,1897.29,1948.41,51.12,554,542
ANCIENTPRIEST:Radzayac,254,251,3,1557.94,1580.21,22.27,554,542
ANOTHERPOSSIBLEALESSA:Alessa,25,22,3,2217.39,2248.97,31.58,554,542
AROMALADY:Cheshire,460,457,3,869.56,884.49,14.93,554,542
BATTLEGIRL2:Juniper,238,235,3,1598.54,1629.41,30.87,554,542
BIRDKEEPER_M2:Bernhard,400,397,3,1145.22,1163.99,18.77,554,542
BOARDER:Lev,431,434,-3,997.32,1005.95,8.63,554,542
BUGCATCHER2:Rangsan,255,252,3,1555.82,1578.02,22.2,554,542
BUTLER:Sagan,209,206,3,1691.99,1718.68,26.69,551,539
CHALLENGER_Vanya:Vanya#7,221,218,3,1655.19,1682.2,27.01,554,542
CLERK_M2:Papper,116,113,3,1961.93,2014.82,52.89,554,542
COOLTRAINERSQUAD_2:Shouta and Kaede,180,183,-3,1777.13,1800.21,23.08,554,542
DRAGONTAMER:Arthur,226,223,3,1638.16,1669.17,31.01,554,542
ELDER:Huy,294,291,3,1485.01,1506.7,21.69,554,542
FORMERCHAMP_Scilla:Scilla,21,18,3,2224.75,2256.9,32.15,554,542
GAMBLER:IgnitedxSoul,146,143,3,1854.59,1892.46,37.87,554,542
GARDENER:Bud,227,224,3,1635.11,1656.94,21.83,554,542
HEXMANIAC:Lichenprincess,165,162,3,1812.39,1847.73,35.34,554,542
HIKER:Valrex,105,102,3,1986.09,2036.83,50.74,553,541
IDEALTRAINER:of Brilliance,99,96,3,2006.93,2046.9,39.97,554,542
IDEALTRAINER:of Origins,151,148,3,1845.28,1886.88,41.6,554,542
JOGGER:Georgio,444,441,3,929.38,949.77,20.39,554,542
LADY2:Eseria,22,19,3,2224.75,2256.9,32.15,554,542
LEADER_Eko:Eko,475,478,-3,813.58,818.63,5.05,554,542
MASKEDVILLAIN:Crimson#10,214,217,-3,1665.15,1682.91,17.76,554,542
MASKEDVILLAIN:Crimson#8,241,238,3,1593.99,1617.48,23.49,554,542
NIGHTMARE_TRAINER:Agony,278,275,3,1512.97,1536.9,23.93,554,542
PILOT:Charlie,281,278,3,1503.75,1530.0,26.25,554,542
POKEFAN_F2:Tsveta,476,473,3,813.58,827.48,13.9,554,542
POKEMONBREEDER_F4:Sara,323,320,3,1386.92,1410.22,23.3,554,542
POKEMONMASTER_Vanya:Vanya,190,187,3,1759.43,1794.26,34.83,553,541
POKEMONMASTER_Vanya:Vanya#12,160,157,3,1829.05,1865.41,36.36,554,542
POKEMONRANGER_M:Zufaix,107,104,3,1983.28,2029.96,46.68,554,542
POKEMONTRAINER_Yezera:Yezera#3,441,444,-3,937.9,936.75,-1.15,554,542
RICHBOY4:Darlvon,125,122,3,1922.87,1971.09,48.22,554,542
SAILOR2:Angelo,256,253,3,1555.44,1575.73,20.29,554,542
SCIENTIST_F:Zofia,378,375,3,1219.85,1242.46,22.61,554,542
SCIENTIST_M4:Jacob,231,228,3,1626.63,1649.39,22.76,554,542
SWIMMER_F5:Shreya,269,266,3,1528.89,1548.35,19.46,554,542
SWIMMER_F6:Kiana,263,260,3,1537.89,1557.42,19.53,554,542
TOURISTM:Chus,5,2,3,2339.98,2373.38,33.4,554,542
TRAINER_Imogene_A:Imogene#1,87,84,3,2018.32,2063.72,45.4,553,541
TRAINER_Sang:Sang#2,204,201,3,1718.09,1740.89,22.8,554,542
VANYADAD:Avram,282,279,3,1501.44,1523.06,21.62,554,542
VETERANM:Yoshihiro,267,264,3,1533.4,1555.19,21.79,554,542
VETERANM_2:Roy,242,239,3,1593.99,1615.11,21.12,554,542
VETERAN_F:Emily,240,237,3,1598.54,1619.85,21.31,554,542
WILDPACK:Cosmic,203,200,3,1720.89,1746.85,25.96,554,542
ANCIENTPRIEST:Dobromil,300,298,2,1462.3,1484.3,22.0,553,541
ANCIENTPRIEST:Kazmilos,272,274,-2,1522.09,1536.9,14.81,554,542
ARCHFRIEND_Lainie:Lainie,114,112,2,1967.42,2014.82,47.4,553,541
ARTIST3:Drawingbox,163,161,2,1819.01,1847.73,28.72,554,542
ARTIST4:Rabah,302,300,2,1460.55,1480.17,19.62,554,542
BACKERS_M:Yanko and Orlando,329,331,-2,1374.92,1389.97,15.05,553,541
BACKPACKER_M:Freedom,479,477,2,806.04,819.8,13.76,553,541
BATTLEGIRL3:Amelia,250,248,2,1569.24,1587.19,17.95,554,542
BLACKBELT:Santiago,299,301,-2,1463.28,1477.87,14.59,554,542
CAMPER_F:Tanya,301,303,-2,1462.3,1476.89,14.59,553,541
CAMPER_M:Nick,270,268,2,1524.36,1541.48,17.12,554,542
CHALLENGER_Vanya:Vanya#2,455,453,2,878.13,893.22,15.09,554,542
CLERK_M:Scott,257,255,2,1547.66,1567.28,19.62,553,541
COOLTRAINER_F3:Leah,356,354,2,1283.21,1303.37,20.16,554,542
COOLTRAINER_F:Reina,310,308,2,1432.18,1449.5,17.32,554,542
COWGIRL:Sasha,393,391,2,1168.64,1187.5,18.86,554,542
DANDY:Charles,462,460,2,865.28,880.12,14.84,554,542
DOCTOR:Peio,384,386,-2,1207.67,1222.81,15.14,554,542
FAIRYTALEGIRL:Madeline,191,189,2,1752.73,1790.44,37.71,554,542
GARDENER:Jacek,407,405,2,1123.04,1141.63,18.59,554,542
GENTLEMAN3:D,306,304,2,1440.72,1460.44,19.72,554,542
GUITARIST3:Athena,248,246,2,1571.48,1589.49,18.01,554,542
LOST_RANGER_PURPLE:Farid,222,220,2,1650.94,1674.97,24.03,553,541
MASKEDVILLAIN2:Teal#4,182,180,2,1775.4,1806.8,31.4,554,542
MASKEDVILLAIN2:Teal#6,188,186,2,1762.45,1797.51,35.06,553,541
MASKEDVILLAIN:Crimson#4,252,250,2,1566.94,1582.6,15.66,554,542
MASKEDVILLAIN_Sang:Silver,291,293,-2,1489.09,1506.08,16.99,553,541
MEDIUM:Paula,279,277,2,1510.67,1532.3,21.63,554,542
POKEFAN_F:Impi,386,384,2,1206.59,1225.5,18.91,554,542
POKEMANIAC:Nikos,426,424,2,1022.6,1044.44,21.84,554,542
POKEMONBREEDER_M2:Pechapanda,292,290,2,1487.62,1506.92,19.3,554,542
POKEMONMASTER_Vanya:Vanya#16,149,147,2,1851.09,1887.05,35.96,554,542
POKEMONMASTER_Vanya:Vanya#8,174,176,-2,1786.55,1820.2,33.65,554,542
POKEMONRANGER_F2_GANG:Mina,130,132,-2,1910.04,1931.44,21.4,554,542
POKEMONRANGER_M2:Connor,465,463,2,852.41,867.01,14.6,554,542
PSYCHIC_F3:Felicia,186,188,-2,1766.52,1794.14,27.62,554,542
ROUGHNECK:Reese,371,369,2,1239.48,1254.77,15.29,554,542
SAGE:Imay,499,497,2,700.88,713.21,12.33,554,542
SAILOR2:Noah,387,385,2,1202.86,1225.5,22.64,554,542
SCHOOLKID_F3:Dinah,290,292,-2,1489.74,1506.7,16.96,554,542
SCHOOLKID_F:Arya,493,495,-2,729.06,737.01,7.95,554,542
SCIENTIST_M2:Marco,414,412,2,1098.91,1117.35,18.44,554,542
SMASHER:Stella,385,383,2,1207.12,1225.96,18.84,553,541
SWIMMER_F2:Astrid,261,259,2,1544.64,1559.76,15.12,554,542
SWIMMER_M:Stannis,404,402,2,1129.36,1148.04,18.68,554,542
TRAINER_Keoni:Keoni,502,500,2,691.23,703.48,12.25,554,542
VETERANM:Taro,236,234,2,1607.69,1631.82,24.13,554,542
VETERANM_2:Hadley,374,372,2,1235.89,1254.77,18.88,554,542
VETERANM_3:Pearce,224,222,2,1643.62,1672.37,28.75,553,541
VOLCANION:Volcanion,362,360,2,1264.18,1286.4,22.22,554,542
WORKER3:Bruce,335,333,2,1366.72,1384.66,17.94,554,542
YOUNGSTER2:Davor,289,287,2,1492.09,1513.75,21.66,554,542
YOUNGSTER:Joey,448,446,2,908.05,923.71,15.66,554,542
ARTIFICIALTRAINER:Trinity,284,283,1,1495.92,1517.76,21.84,551,539
ARTIST3_GHOST:Alicynthia,325,326,-1,1381.23,1396.17,14.94,554,542
ARTIST:Arnold,358,357,1,1281.33,1296.63,15.3,554,542
BACKPACKER_F:Aiyana,461,462,-1,866.6,877.08,10.48,553,541
BAKER:Margerie,322,323,-1,1387.66,1405.2,17.54,552,540
BATTLEGIRL2:Yumei,357,356,1,1281.63,1296.85,15.22,554,542
BATTLEGIRL3:Kryska,412,413,-1,1101.69,1115.99,14.3,553,541
BATTLEGIRL:Tester,394,393,1,1164.62,1180.0,15.38,535,523
BEAUTY4:Brunhilda,283,282,1,1496.78,1518.41,21.63,554,542
BEAUTY5:Esme,168,167,1,1796.77,1840.75,43.98,554,542
BEAUTY6:Brenda,307,306,1,1435.58,1455.37,19.79,554,542
BEAUTY:Gretchen,395,394,1,1160.88,1179.72,18.84,554,542
BIKER2:Chuck,391,390,1,1180.17,1195.22,15.05,554,542
BIRDKEEPER_M:Kendall,352,351,1,1294.75,1313.34,18.59,554,542
BLACKBELT2:Riccardo,277,276,1,1515.26,1534.6,19.34,554,542
BLACKBELT3:Philip,486,485,1,769.75,773.88,4.13,554,542
BLACKBELT:Kai,297,296,1,1475.44,1494.83,19.39,554,542
BURGLAR:Barret,489,488,1,756.35,764.77,8.42,554,542
BURGLAR:Devin,210,209,1,1688.29,1703.77,15.48,554,542
CAMERAMAN2:Octavio,380,379,1,1214.01,1229.22,15.21,554,542
CAMPER:Christian,453,452,1,883.77,894.58,10.81,553,541
CEO:Beatrice,348,347,1,1304.64,1319.9,15.26,554,542
CHALLENGER_Vanya:Vanya,515,516,-1,624.76,625.42,0.66,553,541
CHALLENGER_Vanya:Vanya#1,480,479,1,804.89,814.2,9.31,554,542
CHALLENGER_Vanya:Vanya#3,423,422,1,1030.99,1048.69,17.7,554,542
CHALLENGER_Vanya:Vanya#5,293,294,-1,1487.38,1504.34,16.96,554,542
CHEF:Gordon,233,232,1,1621.39,1636.19,14.8,552,540
CHEF:Travis,509,510,-1,650.99,657.7,6.71,554,542
CLOWN:Dimesmart,379,378,1,1217.69,1236.6,18.91,554,542
CLOWN:Klemens,457,456,1,875.19,885.83,10.64,553,541
COLLECTOR:Mirko,368,367,1,1254.13,1269.32,15.19,554,542
COOLTRAINER_F7:Milja,326,327,-1,1381.23,1396.17,14.94,554,542
COOLTRAINER_M7:Xander,495,494,1,724.77,737.33,12.56,553,541
CYCLIST_F:Anastasia,360,359,1,1267.64,1286.4,18.76,554,542
DANDY:Roger,192,191,1,1752.71,1786.05,33.34,554,542
DELINQUENT:Jeralyn,434,433,1,994.7,1011.86,17.16,553,541
DITTO_AROMALADY:Cindalice,424,425,-1,1022.6,1035.92,13.32,554,542
DITTO_CAMPER:Johnate,430,429,1,1009.98,1023.11,13.13,554,542
DITTO_HIKER:Kevinick,425,426,-1,1022.6,1035.92,13.32,554,542
DRAGONTAMER2:Abraham,213,214,-1,1670.21,1695.57,25.36,554,542
DRAGONTAMER:Georgius#1,375,374,1,1227.01,1249.59,22.58,553,541
DRAGONTAMER_F:Bella,154,153,1,1841.76,1874.63,32.87,550,537
FAIRYTALEGIRL:Maja,488,489,-1,760.83,764.77,3.94,554,542
FIREBREATHER:Bradley,312,313,-1,1422.51,1437.24,14.73,554,542
FORMERCHAMP_Casey:Casey,65,66,-1,2089.46,2113.94,24.48,553,542
GAMBLER:Gregor,504,503,1,676.47,688.61,12.14,554,542
GARDENER:Larry,162,163,-1,1820.81,1846.02,25.21,554,542
GENTLEMAN3:Oliver,363,362,1,1260.7,1279.49,18.79,554,542
GUITARIST2:Alan,381,380,1,1214.01,1229.22,15.21,554,542
GUITARIST3:Jamie,382,381,1,1214.01,1229.22,15.21,554,542
HARLEQUIN:Vincenzi,519,518,1,601.57,613.38,11.81,554,542
HARLEQUIN:Vincenzi#1,389,388,1,1183.99,1199.06,15.07,554,542
IDEALTRAINER:of Conquest,152,151,1,1843.19,1876.58,33.39,553,541
IDOL:Ishizu,484,483,1,783.01,796.39,13.38,554,542
JANITOR:Eric,388,387,1,1192.1,1207.13,15.03,553,541
KIMONOGIRL:Haera,451,450,1,890.96,906.29,15.33,554,542
LADY3:Kristiane,383,382,1,1212.46,1227.69,15.23,554,542
LASS3:Carmen,327,328,-1,1378.36,1396.17,17.81,554,542
LASS4:Chloe,518,519,-1,607.33,613.38,6.05,554,542
LASS:Rovina,330,329,1,1373.29,1391.09,17.8,554,542
LASS:Tara,485,484,1,783.01,796.39,13.38,554,542
LEADER_Helena:Helena#1,429,430,-1,1014.19,1018.83,4.64,554,542
LEADER_Lambert:Lambert,516,515,1,624.18,630.48,6.3,554,542
LEADER_Rafael:Rafael,432,431,1,997.32,1014.54,17.22,554,542
LEADER_Zoe:Zoé,396,395,1,1153.08,1171.88,18.8,554,542
LEADER_Zoe:Zoé#1,347,348,-1,1307.9,1319.9,12.0,554,542
LINEBACKER:Josh,503,502,1,686.35,693.6,7.25,554,542
LINEBACKER:Lorenzo,408,409,-1,1119.88,1132.77,12.89,554,542
MAID2:Maddie,313,312,1,1419.85,1439.86,20.01,554,542
MAID:Alice,491,492,-1,738.24,746.35,8.11,554,542
MAID:Wendy,216,215,1,1662.65,1692.87,30.22,554,542
MASKEDVILLAIN2_DOUBLE:Teal,147,146,1,1853.27,1890.55,37.28,552,540
MASKEDVILLAIN:Crimson#2,273,272,1,1522.09,1539.19,17.1,554,542
MEDIUM:Theoni,492,491,1,738.24,750.98,12.74,554,542
NINJABOY:Hwan,456,455,1,878.13,888.85,10.72,554,542
OFFICEWORKER_M:Kurt,309,310,-1,1432.99,1447.67,14.68,554,542
PARASOLLADY:Clarissa,452,451,1,884.63,895.49,10.86,554,542
POKEKID:Braden,477,476,1,813.58,823.06,9.48,554,542
POKEMONMASTER_Vanya:Vanya#1,71,70,1,2068.55,2109.71,41.16,554,542
POKEMONRANGER_M2_GANG:Terrance,93,94,-1,2011.32,2049.18,37.86,554,542
POKEMONRANGER_M3:Grant,353,352,1,1291.42,1310.03,18.61,554,542
POKEMONTRAINER_Yezera:Yezera,510,509,1,650.99,662.97,11.98,554,542
POKEMONTRAINER_Yezera:Yezera#4,402,401,1,1133.34,1152.05,18.71,554,542
PSYCHIC_F2:Ludmila,481,480,1,800.54,809.76,9.22,554,542
PSYCHIC_M3:Boban,405,404,1,1125.37,1144.02,18.65,554,542
PUNKM:Vlad,350,349,1,1301.36,1319.9,18.54,554,542
REPORTER:Helga,474,475,-1,815.55,825.06,9.51,554,542
RICHBOY3:Ryan,296,295,1,1482.76,1498.4,15.64,554,542
RICHBOY:Splitmoon,121,120,1,1950.73,1984.44,33.71,554,542
RICHCOUPLE:Diana and Edward,237,236,1,1598.96,1620.28,21.32,553,541
ROUGHNECK:Randall,397,396,1,1153.08,1171.88,18.8,554,542
RUINMANIAC:Colby,331,330,1,1372.57,1390.45,17.88,554,542
RUINMANIAC:Matteo,308,309,-1,1433.69,1448.27,14.58,554,542
SAGE:Shion,422,423,-1,1035.17,1048.69,13.52,554,542
SCHOOLKID_GHOST:Honesty,334,335,-1,1366.72,1381.74,15.02,554,542
SCIENTIST_F3:Nkechi,195,194,1,1747.51,1773.3,25.79,553,541
SCIENTIST_F:Marie,505,504,1,676.47,683.57,7.1,554,542
SCIENTIST_F:Natasha,433,432,1,997.32,1014.54,17.22,554,542
SCIENTIST_M:Julien,409,408,1,1119.16,1133.72,14.56,553,541
SKIER_F2:Valeriya,446,447,-1,909.47,920.78,11.31,553,541
SUPERNERD:John,354,353,1,1291.42,1310.03,18.61,554,542
SWIMMER_F:Cosmina,264,263,1,1535.65,1555.19,19.54,554,542
SWIMMER_M3:Diego,303,302,1,1458.34,1477.87,19.53,554,542
TEENAGERF:Naomi,494,493,1,729.06,741.69,12.63,554,542
TEENAGERM:Burke,298,297,1,1468.17,1487.61,19.44,554,542
TOURISTF:Mariana,463,464,-1,854.46,864.72,10.26,554,542
TOURISTM:Francois,199,198,1,1735.85,1765.75,29.9,553,541
TRAINER_Alessa:Alessa,497,498,-1,710.39,713.21,2.82,554,542
TRAINER_Alessa:Alessa#1,464,465,-1,852.87,863.06,10.19,553,541
TRAINER_Candy:Candy,359,358,1,1271.7,1286.93,15.23,553,541
TRAINER_Eifion:Eifion,450,449,1,895.23,910.65,15.42,554,542
TRAINER_Imogene_A:Imogene,498,499,-1,701.7,709.18,7.48,553,541
TRAINER_Imogene_B:Imogene,482,481,1,800.54,809.76,9.22,554,542
TRAINER_Keoni:Keoni#1,372,371,1,1239.48,1254.77,15.29,554,542
TRAINER_Zain:Zain,333,334,-1,1367.62,1382.59,14.97,553,541
TUBER_F2:Hana,317,316,1,1400.89,1415.74,14.85,554,542
TUBER_M:Derek,390,389,1,1180.61,1195.68,15.07,554,542
TWINS2:Bella and Meghan,401,400,1,1135.38,1154.12,18.74,554,542
VETERAN_F:Genevieve,447,448,-1,908.05,915.0,6.95,554,542
WAITRESS:Carmilla,413,414,-1,1101.19,1115.57,14.38,554,542
WILDPACK:Arid,245,244,1,1580.45,1598.74,18.29,554,542
WILDPACK:Muggy,215,216,-1,1664.7,1686.83,22.13,553,541
WORKER2:Hugo,351,350,1,1298.06,1319.9,21.84,554,542
WORKER3:Seamus,316,317,-1,1403.65,1415.74,12.09,554,542
WORKER:Kevin,483,482,1,791.79,800.86,9.07,554,542
ABSOL:Absol,538,538,0,466.78,470.52,3.74,554,542
ANCIENTPRIEST:Chestibor,305,305,0,1440.72,1455.37,14.65,554,542
ANOTHERPOSSIBLERAFAEL:Rafael,1,1,0,2499.5,2454.97,-44.53,554,542
AROMALADY3:Henrietta,319,319,0,1389.75,1410.22,20.47,554,542
AROMALADY:Hannah,526,526,0,546.03,551.13,5.1,554,542
ARTIFICIALTRAINER:Solitaire,324,324,0,1383.36,1405.03,21.67,487,475
ARTIST3:Frida,355,355,0,1284.71,1300.01,15.3,554,542
ARTIST:Evan,527,527,0,539.39,544.39,5.0,554,542
BACKPACKER_F:Mia,336,336,0,1363.77,1378.81,15.04,554,542
BAKER:Rose,507,507,0,656.18,668.2,12.02,554,542
BATTLEGIRL:Eliza,528,528,0,539.39,544.39,5.0,554,542
BEAUTY2:Enisa,470,470,0,826.57,836.29,9.72,554,542
BEAUTY3:Ester,361,361,0,1264.44,1283.01,18.57,552,540
BEAUTY:Kryssa,341,341,0,1339.6,1357.81,18.21,554,542
BIKER:Knoxx,285,285,0,1494.44,1513.75,19.31,554,542
BIRDKEEPER_F:Amanda,459,459,0,871.88,882.49,10.61,554,542
BLACKBELT:Leo,139,139,0,1874.07,1909.1,35.03,554,542
BOARDER:Alex,445,445,0,912.31,928.05,15.74,554,542
BUGCATCHER_F:Caitlyn,534,534,0,490.11,494.26,4.15,553,541
BUGCATCHER_F:Lovina,467,467,0,839.51,849.48,9.97,554,542
BURGLAR:Keith,398,398,0,1149.15,1163.99,14.84,554,542
CAMERAMAN:Marcel,418,418,0,1064.29,1078.22,13.93,554,542
CAMPER:Liam,417,417,0,1084.88,1103.2,18.32,554,542
CAMPER_F:Veronica,373,373,0,1235.89,1251.17,15.28,554,542
CHALLENGER_Vanya:Vanya#4,345,345,0,1307.9,1326.39,18.49,554,542
CHALLENGER_Vanya:Vanya#8,100,100,0,2003.18,2037.5,34.32,554,542
CLERK_F:Lily,496,496,0,715.1,722.82,7.72,554,542
CLERK_F:Rosalie,337,337,0,1363.77,1378.81,15.04,554,542
CLERK_M2:Alejandro,436,436,0,971.92,984.41,12.49,554,542
CLERK_M2:Marton,471,471,0,822.25,836.29,14.04,554,542
CLERK_M2:Zoltan,443,443,0,929.38,941.09,11.71,554,542
COLLECTOR:Emre,420,420,0,1035.17,1052.93,17.76,554,542
COOLTRAINER_F7:Blaire,332,332,0,1370.62,1385.57,14.95,554,542
COOLTRAINER_F7:Jade,442,442,0,930.85,942.57,11.72,553,541
COOLTRAINER_M7:Emir,280,280,0,1507.94,1520.51,12.57,553,541
CYCLIST_F2:Lukka,321,321,0,1389.75,1407.44,17.69,554,542
CYCLIST_M:Mitron,458,458,0,873.84,884.49,10.65,554,542
DANCER:Isai,517,517,0,613.01,613.38,0.37,554,542
DANDY:Jules,314,314,0,1415.67,1433.08,17.41,553,541
DITTO_PROTRAINER:Xandevon,346,346,0,1307.9,1326.39,18.49,554,542
DITTO_RANGER:Hannamy,427,427,0,1018.4,1031.66,13.26,554,542
DRAGONTAMER:Georgius,490,490,0,738.24,755.6,17.36,554,542
FIREBREATHER:Antonio,529,529,0,525.8,530.57,4.77,554,542
GAMBLER:Tiki,184,184,0,1774.02,1800.21,26.19,554,542
GENTLEMAN:Wilfrid,536,536,0,482.28,486.31,4.03,554,542
GUITARIST2:Brady,421,421,0,1035.17,1052.93,17.76,554,542
GUITARIST3:Mai,472,472,0,817.92,831.89,13.97,554,542
GUITARIST:Reece,523,523,0,565.35,570.76,5.41,554,542
HEXMANIAC_1:Riptide,344,344,0,1330.26,1345.45,15.19,554,542
HEXMANIAC_GHOST:Juno,338,338,0,1360.81,1378.81,18.0,554,542
HIKER2:Jude,520,520,0,583.83,589.53,5.7,554,542
HIKER:Dave,539,539,0,458.82,462.42,3.6,554,542
HOOPSTER:Jerel,468,468,0,839.51,849.48,9.97,554,542
IDEALTRAINER:of Colors,166,166,0,1809.72,1841.24,31.52,553,541
IDEALTRAINER:of Days,155,155,0,1839.23,1872.57,33.34,554,542
IDOL:Teagan,365,365,0,1257.21,1272.51,15.3,554,542
JUGGLER:Mikael,343,343,0,1331.02,1349.27,18.25,553,541
LADY2:Rebecca,530,530,0,525.8,530.57,4.77,554,542
LASS2:Faye,376,376,0,1225.57,1240.73,15.16,553,541
LASS2:Sienna,541,541,0,450.73,454.17,3.44,554,542
LEADER_Bence:Bence,410,410,0,1109.29,1127.83,18.54,554,542
LEADER_Bence:Bence#1,340,340,0,1360.06,1375.17,15.11,554,542
LEADER_Helena:Helena,440,440,0,937.9,958.45,20.55,554,542
LEADER_Noel:Noel,288,288,0,1492.09,1509.05,16.96,554,542
MASKEDVILLAIN2_DOUBLE:Teal#12,89,89,0,2016.89,2054.74,37.85,553,541
MASKEDVILLAIN:Crimson#6,258,258,0,1546.88,1562.04,15.16,554,542
NINJABOY:Matthew,532,532,0,497.27,501.56,4.29,554,542
NURSE:Ellen,428,428,0,1018.4,1031.66,13.26,554,542
NURSE:Joy,543,543,0,416.91,419.69,2.78,554,542
NURSERYAIDE:Francesca,392,392,0,1172.5,1187.5,15.0,554,542
POKEFAN_F3:Margaret,439,439,0,954.92,967.11,12.19,554,542
POKEFAN_M:Jamie,514,514,0,635.13,641.58,6.45,553,541
POKEMANIAC:Paris,437,437,0,967.67,980.09,12.42,554,542
POKEMONBREEDER_M4:Isaac,364,364,0,1259.44,1274.79,15.35,554,542
POKEMONCHAMPION_Vanya:Vanya,6,6,0,2322.3,2328.86,6.56,554,542
POKEMONMASTER_Vanya:Vanya#19,136,136,0,1884.76,1916.52,31.76,554,542
POKEMONMASTER_Vanya:Vanya#4,196,196,0,1746.8,1768.23,21.43,554,542
POKEMONRANGER_F:Val,438,438,0,964.97,977.31,12.34,553,541
POKEMONRANGER_M2:Martel,419,419,0,1064.29,1078.22,13.93,554,542
POKEMONRANGER_M:Ivan,454,454,0,882.4,893.22,10.82,554,542
POKEMONTRAINER_Yezera:Yezera#2,466,466,0,848.11,858.25,10.14,554,542
PSYCHIC_M2:Rohan,403,403,0,1129.36,1144.02,14.66,554,542
PSYCHIC_M:Uriel,524,524,0,565.35,570.76,5.41,554,542
REPORTER:Pesha,315,315,0,1411.81,1429.28,17.47,554,542
RICHBOY2:Theodore,511,511,0,650.99,657.7,6.71,554,542
ROLLERSKATER_M:Lane Tester,531,531,0,518.84,523.5,4.66,554,542
ROUGHNECK2:Flavio,377,377,0,1221.36,1240.27,18.91,554,542
ROUGHNECK2:Robert,435,435,0,976.16,988.72,12.56,554,542
RUINMANIAC:Spencer,506,506,0,661.33,673.37,12.04,554,542
SAGE:Rennyo,522,522,0,571.6,577.1,5.5,554,542
SAGE:Rennyo#1,411,411,0,1103.18,1117.58,14.4,554,542
SAILOR:Dylan,525,525,0,552.56,557.77,5.21,554,542
SAILOR:Konrad,415,415,0,1097.13,1111.46,14.33,554,542
SCHOOLKID_M2:Branimir,501,501,0,691.23,698.56,7.33,554,542
SCHOOLKID_M3:Jeremy,537,537,0,482.28,486.31,4.03,554,542
SCHOOLKID_M:Louis,508,508,0,656.18,668.2,12.02,554,542
SCIENTIST_F3:Viola,416,416,0,1094.7,1108.89,14.19,552,540
SCIENTIST_M2:Dexter,512,512,0,650.99,657.7,6.71,554,542
SCIENTIST_M5:Sonatane,366,366,0,1257.21,1272.51,15.3,554,542
SOCIALITE:Elizabeth,513,513,0,650.99,657.7,6.71,554,542
SPIRITGUARDIAN2:Sonya,172,172,0,1791.29,1823.61,32.32,553,541
SWIMMER_F3:Bree,339,339,0,1360.81,1375.86,15.05,554,542
SWIMMER_F4:Yvonne,286,286,0,1494.44,1513.75,19.31,554,542
SWIMMER_M2:Finn,399,399,0,1149.15,1160.02,10.87,554,542
SWIMMER_M4:Jan,370,370,0,1243.06,1254.77,11.71,554,542
TEACHER:Hilde,469,469,0,830.89,845.09,14.2,554,542
TEENAGERM:Jonas,521,521,0,583.83,589.53,5.7,554,542
TESTTRAINERTYPE:Test Trainer,542,542,0,442.49,445.78,3.29,554,542
TRAINER_Alessa:Alessa#2,342,342,0,1339.56,1354.43,14.87,552,540
TUBER_F:Sophie,533,533,0,497.27,501.56,4.29,554,542
TUBER_M:Peter,535,535,0,489.84,494.0,4.16,554,542
VANYAMOM:Vidya,265,265,0,1535.12,1554.75,19.63,554,542
WILDPARTY_BULU:of Abundance,171,171,0,1792.07,1825.85,33.78,553,541
WILDPARTY_KOKO:of Conflict,229,229,0,1631.41,1649.39,17.98,554,542
WORKER:Bryn,406,406,0,1125.37,1139.99,14.62,554,542
YOUNGSTER3:Sorin,487,487,0,765.3,769.33,4.03,554,542
YOUNGSTER:Buzim,318,318,0,1394.15,1414.5,20.35,553,541
YOUNGSTER:Harvey,540,540,0,458.82,462.42,3.6,554,542
