trainer,rank_singles_cursed_excluded,rank_doubles_cursed_excluded,rank_delta,rating_singles_cursed_excluded,rating_doubles_cursed_excluded,rating_delta,battles_singles_cursed_excluded,battles_doubles_cursed_excluded
HEXMANIAC_1:Riptide,299,218,81,1308.88,1692.89,384.01,521,483
MASKEDVILLAIN2:Teal#20,58,136,-78,2252.04,2017.65,-234.39,520,483
MASKEDVILLAIN:Crimson#20,57,133,-76,2256.49,2028.07,-228.42,504,483
POKEMONRANGER_F_GANG:Amber,117,191,-74,2093.32,1829.89,-263.43,489,483
VETERANM_2:Kirbae,74,8,66,2222.56,2456.83,234.27,503,483
POKEMONMASTER_Vanya:Vanya#19,108,43,65,2115.34,2281.46,166.12,489,483
POKEMONRANGER_F2_GANG:Mina,101,163,-62,2129.49,1931.56,-197.93,521,483
POKEMONMASTER_Vanya:Vanya#18,109,52,57,2112.97,2261.95,148.98,507,483
FORMERCHAMP_Casey:Casey,45,99,-54,2283.7,2152.29,-131.41,505,483
LEADER_Victoire:Victoire,124,175,-51,2078.99,1889.18,-189.81,520,483
WILDPACK:Cosmic,161,110,51,1969.1,2130.69,161.59,489,483
TRAINER_Alessa:Alessa#3,29,79,-50,2359.77,2218.69,-141.08,489,483
JUGGLER:Brickbat,165,116,49,1953.88,2110.39,156.51,544,483
POKEMONRANGER_M:Zufaix,70,22,48,2229.92,2352.42,122.5,554,483
HARLEQUIN:Regis,208,162,46,1738.4,1933.65,195.25,520,483
POKEMONMASTER_Vanya:Vanya#5,32,75,-43,2348.57,2223.66,-124.91,521,483
SCIENTIST_M4:Jacob,189,147,42,1832.31,1995.11,162.8,489,483
TAPU_FINI:Tapu Fini,61,103,-42,2245.26,2142.17,-103.09,489,483
TRAINER_Sang:Sang#4,80,38,42,2211.41,2290.69,79.28,487,483
ANOTHERPOSSIBLEZAIN:Zain,63,104,-41,2241.45,2138.65,-102.8,489,483
JANITOR:Steeb,113,73,40,2098.17,2225.36,127.19,548,483
POKEMONMASTER_Vanya:Vanya#1,47,86,-39,2280.32,2195.88,-84.44,489,483
WILDPACK:Lunar,166,127,39,1953.22,2055.84,102.62,521,483
BIRDKEEPER_F:Danika,129,167,-38,2059.45,1919.82,-139.63,520,483
MASKEDVILLAIN_Sang:Silver,249,211,38,1584.92,1718.02,133.1,488,483
POKEMONMASTER_Vanya:Vanya#4,158,120,38,1984.28,2089.63,105.35,489,483
POKEMONMASTER_Vanya:Vanya#8,144,106,38,2017.81,2138.65,120.84,507,483
FORMERCHAMP_Ansel:Ansel,3,40,-37,2611.88,2285.63,-326.25,521,483
RICHBOY4:Darlvon,98,61,37,2149.55,2246.86,97.31,528,483
ARCHFRIEND_Lainie:Lainie,92,56,36,2179.73,2253.6,73.87,544,483
COOLTRAINER_M7:Nero,60,96,-36,2250.34,2165.64,-84.7,547,483
HEXMANIAC_1:Riptide#1,64,100,-36,2238.93,2151.54,-87.39,520,483
POKEMONTRAINER_Yezera:Yezera#10,175,139,36,1889.26,2009.21,119.95,488,483
SPIRITGUARDIAN4:Brigitte,31,67,-36,2349.18,2241.89,-107.29,489,483
SAILOR2:Angelo,213,248,-35,1708.05,1558.58,-149.47,521,483
TRAINER_Skyler:Skyler,94,59,35,2176.31,2248.52,72.21,489,483
WILDPACK:Muggy,181,146,35,1866.55,1996.63,130.08,520,483
BURGLAR:Devin,172,138,34,1911.26,2012.08,100.82,505,483
MASKEDVILLAIN2:Teal#14,44,78,-34,2285.97,2218.69,-67.28,489,483
WORKER3:Seamus,274,308,-34,1430.69,1244.23,-186.46,489,483
LEADER_Eko:Eko#2,20,53,-33,2424.8,2258.56,-166.24,521,483
POKEMONMASTER_Vanya:Vanya#13,85,118,-33,2198.35,2110.39,-87.96,504,483
POKEMONTRAINER_Yezera:Yezera#8,90,57,33,2183.29,2248.52,65.23,488,483
ANOTHERPOSSIBLEZAIN:Zain#1,56,88,-32,2256.53,2192.93,-63.6,521,483
DRAGONTAMER_F:Zinnia,49,81,-32,2273.39,2205.13,-68.26,520,483
IDEALTRAINER:of Freedom,71,39,32,2228.41,2285.68,57.27,488,483
VETERANM_3:Pearce,186,217,-31,1847.26,1696.93,-150.33,520,483
WILDPACK:Arid,203,172,31,1749.86,1904.38,154.52,489,483
MASKEDVILLAIN:Crimson#14,50,80,-30,2273.19,2209.62,-63.57,489,483
POKEMONMASTER_Vanya:Vanya#14,99,69,30,2149.24,2240.12,90.88,489,483
PUNKM:ValourDyke,48,18,30,2277.3,2400.61,123.31,488,483
TOURISTM:Calvin,135,165,-30,2040.43,1928.11,-112.32,507,483
BLACKBELT:Kai,253,224,29,1566.32,1661.87,95.55,520,483
LADY4:Pria,164,135,29,1964.39,2026.11,61.72,553,483
TRAINER_Keoni:Keoni#2,97,68,29,2150.2,2241.89,91.69,520,483
DRAGONTAMER_F:Bella,121,93,28,2088.98,2180.42,91.44,485,483
POKEMONRANGER_M2_GANG:Terrance,69,97,-28,2230.99,2161.87,-69.12,507,483
IDEALTRAINER:of Colors,130,157,-27,2052.38,1969.0,-83.38,506,483
MEDIUM:Izumi,170,197,-27,1924.31,1785.26,-139.05,521,483
TOURISTM:Azeler,28,1,27,2367.55,2545.71,178.16,518,483
GAMBLER:Tiki,157,131,26,1985.02,2034.59,49.57,528,483
HIKER:Valrex,75,49,26,2219.18,2265.38,46.2,508,483
JUGGLER:Mikael,298,272,26,1314.76,1425.58,110.82,488,483
SWIMMER_F2:Astrid,215,241,-26,1699.78,1597.07,-102.71,521,483
TRAINER_Sang:Sang#2,167,141,26,1951.11,2008.18,57.07,521,483
VANYAMOM:Vidya,219,193,26,1685.27,1818.84,133.57,520,483
ARTIFICIALTRAINER:Solitaire,266,291,-25,1490.42,1336.98,-153.44,444,483
DELINQUENT:Lilypad,23,48,-25,2398.0,2265.38,-132.62,520,483
DRAGONTAMER2:Abraham,173,148,25,1904.51,1992.46,87.95,489,483
DRAGONTAMER:Bataar,229,204,25,1656.29,1750.45,94.16,505,483
FAIRYTALEGIRL:Madeline,153,178,-25,1996.01,1881.66,-114.35,520,483
LEADER_Lambert:Lambert#2,40,65,-25,2311.83,2241.89,-69.94,489,483
ANCIENTPRIEST:Kazmilos,231,255,-24,1652.87,1524.36,-128.51,489,483
BATTLEGIRL:Tester,342,318,24,1119.54,1185.33,65.79,478,483
SCIENTIST_M2:Marco,362,338,24,1029.62,1109.28,79.66,546,483
VETERANM:Yoshihiro,222,246,-24,1683.05,1573.11,-109.94,521,483
BACKERS_F:Maria and Iveta,182,205,-23,1862.33,1746.48,-115.85,489,483
BACKERS_M:Yanko and Orlando,285,262,23,1387.25,1499.74,112.49,520,483
CLERK_M:Scott,214,237,-23,1704.37,1615.97,-88.4,488,483
COOLTRAINER_F7:Nyx,200,177,23,1768.77,1881.66,112.89,538,483
DANDY:Roger,147,170,-23,2009.29,1913.16,-96.13,521,483
MASKEDVILLAIN_DOUBLE:Crimson#12,59,82,-23,2251.91,2205.13,-46.78,519,483
POKEMONMASTER_Vanya:Vanya#3,95,72,23,2173.33,2228.68,55.35,505,483
WILDPARTY_BULU:of Abundance,133,156,-23,2043.04,1971.78,-71.26,506,483
WORKER3:Bruce,291,268,23,1371.8,1465.14,93.34,520,483
GUITARIST3:Envy,41,63,-22,2310.19,2245.2,-64.99,521,483
POKEMONMASTER_Vanya:Vanya,154,132,22,1994.49,2028.58,34.09,519,483
SCIENTIST_F:LunaFlare,36,14,22,2336.09,2418.96,82.87,548,483
TAPU_KOKO:Tapu Koko,54,32,22,2259.15,2307.99,48.84,505,483
BUGCATCHER_F:April,137,158,-21,2037.26,1959.55,-77.71,489,483
COOLTRAINER_F3:Leah,309,330,-21,1247.36,1152.18,-95.18,505,483
IDEALTRAINER:of Brilliance,68,47,21,2233.45,2266.99,33.54,521,483
MASKEDVILLAIN2:Teal#16,87,66,21,2190.09,2241.89,51.8,521,483
PILOT:Charlie,238,259,-21,1612.03,1514.53,-97.5,541,483
BEAUTY:Gretchen,346,366,-20,1096.63,994.06,-102.57,555,483
CLOWN:Dimesmart,330,350,-20,1170.67,1066.14,-104.53,489,483
MASKEDVILLAIN2:Teal#2,168,188,-20,1945.22,1837.25,-107.97,505,483
OFFICEWORKER_M:Kurt,265,245,20,1493.47,1573.11,79.64,521,483
POKEMONMASTER_Vanya:Vanya#20,141,161,-20,2028.8,1935.07,-93.73,518,482
POKEMONTRAINER_Vanya:Vanya,6,26,-20,2567.68,2328.73,-238.95,489,483
POKEMONTRAINER_Yezera:Yezera#4,354,334,20,1057.42,1128.09,70.67,544,483
PSYCHIC_M3:Boban,357,337,20,1048.11,1114.89,66.78,550,483
ANOTHERPOSSIBLEALESSA:Alessa#1,5,24,-19,2571.51,2348.46,-223.05,489,483
ANOTHERPOSSIBLETAMARIND:Tamarind,81,62,19,2207.51,2245.2,37.69,520,483
GENTLEMAN3:Oliver,319,300,19,1212.63,1296.1,83.47,522,483
LEADER_Noel:Noel,245,226,19,1595.28,1657.38,62.1,521,483
ODDISH:Oddium,22,3,19,2415.07,2505.63,90.56,489,483
POKEMONMASTER_Vanya:Vanya#6,138,119,19,2035.89,2093.81,57.92,521,483
SEEKER_Nora:Nora,155,174,-19,1988.07,1891.27,-96.8,489,483
TRAINER_Alessa:Alessa#5,216,235,-19,1698.0,1620.65,-77.35,489,483
TUBER_M:Derek,343,324,19,1117.88,1171.49,53.61,505,483
JANITOR:Eric,340,322,18,1127.26,1175.65,48.39,521,483
JUGGLER:Youcef,268,286,-18,1476.2,1351.7,-124.5,520,483
POKEMONMASTER_Vanya:Vanya#11,103,85,18,2127.18,2198.21,71.03,520,483
SUPERNERD:Agentbla,73,55,18,2223.52,2255.19,31.67,549,483
TRAINER_Imogene_A:Imogene#1,65,83,-18,2237.92,2205.13,-32.79,519,483
VANYADAD:Avram,237,219,18,1620.33,1679.43,59.1,489,483
VETERAN_F:Emily,198,216,-18,1785.77,1705.44,-80.33,507,483
SHADOWMAVIS:Mavis,123,140,-17,2079.56,2009.21,-70.35,520,483
TRAINER_Zain:Zain#2,25,42,-17,2391.99,2282.85,-109.14,520,483
ARTIST3:Frida,310,294,16,1246.27,1327.19,80.92,489,483
GARDENER:Larry,136,152,-16,2038.38,1982.68,-55.7,520,483
LASS:Rovina,287,271,16,1383.71,1455.24,71.53,505,483
LEADER_Helena:Helena#2,76,60,16,2217.92,2246.86,28.94,521,483
NIGHTMAREQUEEN_Elise:Elise,33,17,16,2343.27,2400.61,57.34,489,483
RICHCOUPLE:Diana and Edward,196,180,16,1790.69,1869.59,78.9,488,483
ARTIFICIALTRAINER:Trinity,242,227,15,1605.08,1649.61,44.53,518,482
COOLTRAINER_F7:Milja,281,296,-15,1402.71,1322.29,-80.42,521,483
FORMERCHAMP_Praveen:Praveen,46,31,15,2280.47,2310.85,30.38,520,483
FORMERCHAMP_Scilla:Scilla,12,27,-15,2478.74,2328.39,-150.35,489,483
GARDENER:Bud,185,200,-15,1847.9,1770.65,-77.25,489,483
KILLU:Killu,52,37,15,2264.12,2290.69,26.57,488,483
LASS3:Carmen,283,298,-15,1391.37,1312.51,-78.86,489,483
POKEFAN_F:Impi,335,320,15,1151.59,1178.76,27.17,552,483
POKEMONBREEDER_M2:Pechapanda,246,231,15,1592.17,1634.58,42.41,489,483
ROUGHNECK2:Flavio,328,343,-15,1176.43,1099.27,-77.16,547,483
TRAINER_Candy:Candy#1,19,4,15,2442.21,2505.63,63.42,489,483
TRAINER_Eifion:Eifion#1,79,94,-15,2214.22,2176.77,-37.45,489,483
TRAINER_Imogene_A:Imogene,445,460,-15,512.03,365.73,-146.3,488,483
ULTRALAINIE:Lainie,34,19,15,2341.6,2400.61,59.01,524,483
WAITRESS3:Destiny,27,12,15,2383.57,2433.7,50.13,489,483
ANCIENTPRIEST:Chestibor,262,276,-14,1502.95,1410.76,-92.19,520,483
AROMALADY3:Henrietta,275,289,-14,1423.47,1346.79,-76.68,520,483
CRIMINALTEAM:Gianna and Rocco,162,176,-14,1966.45,1887.66,-78.79,520,483
DANDY:Jules,270,284,-14,1461.75,1361.52,-100.23,520,483
MASKEDVILLAIN:Crimson#18,119,105,14,2089.94,2138.65,48.71,521,483
POKEMONMASTER_Vanya:Vanya#10,106,92,14,2120.44,2184.03,63.59,520,483
SWIMMER_F6:Kiana,220,234,-14,1684.62,1620.65,-63.97,520,483
TAPU_BULU:Tapu Bulu,39,25,14,2323.18,2343.34,20.16,489,483
TAPU_LELE:Tapu Lele,72,58,14,2223.8,2248.52,24.72,521,483
TEACHER:Hilde,416,402,14,709.83,763.18,53.35,533,483
ANOTHERPOSSIBLEALESSA:Alessa,16,29,-13,2456.52,2315.16,-141.36,505,483
BUGCATCHER_F:Lovina,414,401,13,723.62,763.18,39.56,535,483
CAMPER:Christian,400,413,-13,779.09,715.27,-63.82,547,483
FORMERCHAMP_Elise:Elise,8,21,-13,2535.11,2385.94,-149.17,505,483
NIGHTMARE_TRAINER:Agony,233,220,13,1644.17,1675.2,31.03,521,483
PROFESSOR_Tamarind:Tamarind,67,54,13,2233.64,2257.01,23.37,505,483
RUINMANIAC2:Nabil,251,264,-13,1582.33,1493.96,-88.37,489,483
SAILOR2:Noah,338,351,-13,1144.61,1065.75,-78.86,520,483
VETERAN_F:Genevieve,396,409,-13,798.13,742.34,-55.79,526,483
BIRDKEEPER_M:Kendall,305,317,-12,1266.25,1190.62,-75.63,521,483
BUGCATCHER2:Rangsan,211,223,-12,1715.57,1662.01,-53.56,489,483
CHALLENGER_Vanya:Vanya#6,218,206,12,1695.51,1746.48,50.97,520,483
COOLTRAINER_M3:Dada,83,95,-12,2201.47,2166.51,-34.96,519,483
FORMERCHAMP_Vincent:Vincent,35,23,12,2336.65,2351.23,14.58,487,483
HOOPSTER:Jerel,415,427,-12,710.77,636.71,-74.06,547,483
IDEALTRAINER:of Days,127,115,12,2069.37,2114.49,45.12,520,483
LEADER_Samorn:Samorn#2,24,36,-12,2395.85,2296.82,-99.03,489,483
MASKEDVILLAIN2_DOUBLE:Teal,112,124,-12,2098.84,2078.7,-20.14,519,483
POKEMONMASTER_Vanya:Vanya#16,120,108,12,2089.24,2134.68,45.44,521,483
POKEMONTRAINER_Vanya:Vanya#3,18,6,12,2442.21,2480.47,38.26,489,483
REPORTER:Helga,423,411,12,680.87,739.63,58.76,543,483
ROUGHNECK2:Jaggedthorn,96,84,12,2153.07,2202.88,49.81,544,483
SCIENTIST_M3:Gunter,191,179,12,1819.3,1879.57,60.27,489,483
SWIMMER_F5:Shreya,226,238,-12,1671.13,1611.27,-59.86,489,483
CHEF:Gordon,192,203,-11,1813.53,1750.45,-63.08,487,483
DOCTOR:Renaldo,232,243,-11,1647.93,1587.53,-60.4,520,483
HIKER2:Rhys,244,233,11,1596.62,1620.65,24.03,506,483
IDEALTRAINER:of Tradition,139,128,11,2034.0,2054.51,20.51,520,483
IRISCOSPLAYER:Isabelle,140,151,-11,2033.7,1984.15,-49.55,532,483
LADY2:Eseria,17,28,-11,2442.34,2323.45,-118.89,505,483
LASS2:Faye,325,336,-11,1185.73,1123.28,-62.45,506,483
LEADER_Samorn:Samorn,102,113,-11,2128.59,2122.63,-5.96,521,483
MASKEDVILLAIN2:Teal#10,82,71,11,2204.01,2228.68,24.67,521,483
POKEMONCHAMPION_Vanya:Vanya,4,15,-11,2583.32,2407.12,-176.2,507,483
RUINMANIAC:Matteo,264,275,-11,1494.32,1415.7,-78.62,521,483
SAGE:Takeshi,160,171,-11,1979.4,1908.22,-71.18,489,483
SCIENTIST_M5:Sonatane,316,305,11,1217.57,1254.94,37.37,507,483
SMASHER:Stella,337,348,-11,1148.11,1070.53,-77.58,526,483
TOURISTF:Mariana,410,421,-11,745.44,670.51,-74.93,536,483
WILDPARTY_FINI:of Hope,177,166,11,1884.35,1922.4,38.05,521,483
WORKER2:Hugo,303,314,-11,1278.86,1199.13,-79.73,507,483
WORKER6:Paul,284,295,-11,1390.49,1327.19,-63.3,520,483
ARTIST3:Drawingbox,132,142,-10,2051.11,2000.82,-50.29,534,483
BURGLAR:Keith,345,355,-10,1097.5,1051.41,-46.09,534,483
CHALLENGER_Vanya:Vanya#1,428,418,10,655.77,679.68,23.91,521,483
DRAGONTAMER:Arthur,195,185,10,1792.8,1848.28,55.48,534,483
KIMONOGIRL:Chiyo,230,240,-10,1655.18,1601.82,-53.36,520,483
LEADER_Rafael:Rafael,383,373,10,904.51,941.02,36.51,543,483
MASKEDVILLAIN:Crimson#16,86,76,10,2197.6,2222.03,24.43,489,483
MASKEDVILLAIN:Crimson#8,199,189,10,1783.07,1837.25,54.18,489,483
RICHBOY2:Theodore,458,448,10,416.41,475.2,58.79,537,483
SAGE:Imay,444,454,-10,512.89,440.34,-72.55,541,483
SCHOOLKID_F4:Lucia,225,215,10,1675.06,1705.44,30.38,507,483
YOUNGSTER3:Sorin,432,422,10,621.9,670.51,48.61,534,483
BEAUTY2:Enisa,417,426,-9,709.49,636.71,-72.78,539,483
BIRDKEEPER_M2:Bernhard,348,357,-9,1081.94,1049.83,-32.11,489,483
CEO:Beatrice,301,310,-9,1283.02,1224.79,-58.23,534,483
COOLTRAINER_M7:X,21,30,-9,2423.5,2314.22,-109.28,505,483
CYCLIST_F:Anastasia,315,306,9,1221.25,1249.1,27.85,530,483
DANDY:Charles,407,416,-9,760.25,690.04,-70.21,549,483
ELDER:Huy,248,239,9,1587.12,1601.82,14.7,489,483
EXPERTF:Kimiko,150,159,-9,2006.55,1951.47,-55.08,489,483
FORMERCHAMP_Chara:Chara,43,34,9,2295.77,2302.53,6.76,521,483
MASKEDVILLAIN:Crimson#22,14,5,9,2472.17,2480.47,8.3,520,483
MASKEDVILLAIN:Crimson#4,210,201,9,1729.63,1766.12,36.49,505,483
MASKEDVILLAIN:Crimson#6,221,212,9,1683.88,1713.85,29.97,520,483
POKEKID:Braden,421,430,-9,687.87,612.66,-75.21,541,483
POKEMONMASTER_Vanya:Vanya#7,146,155,-9,2009.85,1975.89,-33.96,488,483
POKEMONTRAINER_Yezera:Yezera#6,159,150,9,1983.4,1988.3,4.9,489,483
REPORTER:Pesha,272,281,-9,1451.97,1371.35,-80.62,520,483
SAGE:Rennyo#1,363,354,9,1027.85,1056.19,28.34,553,483
SCHOOLKID_F3:Dinah,247,256,-9,1589.1,1524.36,-64.74,507,483
TEENAGERM:Burke,254,263,-9,1553.38,1494.8,-58.58,489,483
TRAINER_Zain:Zain,289,280,9,1378.25,1386.11,7.86,488,483
ARTIST2:Frank,277,285,-8,1411.01,1351.7,-59.31,489,483
BACKPACKER_M:Freedom,425,417,8,678.87,683.59,4.72,525,483
CHALLENGER_Vanya:Vanya#7,179,187,-8,1877.74,1839.82,-37.92,489,483
COOLTRAINERSQUAD_2:Shouta and Kaede,145,137,8,2017.14,2013.43,-3.71,521,483
CYCLIST_M:Mitron,404,412,-8,769.88,737.26,-32.62,536,483
DRAGONTAMER:Georgius#1,327,335,-8,1181.37,1123.28,-58.09,531,483
GENTLEMAN:Nicholas,260,252,8,1526.43,1543.96,17.53,488,483
GUITARIST3:Mai,422,414,8,685.26,702.77,17.51,540,483
HEXMANIAC:Errata,2,10,-8,2613.32,2434.62,-178.7,507,483
MASKEDVILLAIN2_DOUBLE:Teal#12,66,74,-8,2236.32,2224.91,-11.41,488,483
MEDIUM:Paula,236,244,-8,1633.65,1583.38,-50.27,505,483
NINJABOY:Hwan,398,406,-8,785.59,757.36,-28.23,551,483
ROUGHNECK:Randall,349,341,8,1079.34,1108.87,29.53,530,483
SCIENTIST_F3:Nkechi,156,164,-8,1987.2,1931.56,-55.64,504,483
SPIRITGUARDIAN2:Sonya,134,126,8,2041.13,2064.32,23.19,506,483
SWIMMER_F4:Yvonne,239,247,-8,1610.56,1568.28,-42.28,505,483
TRAINER_Eifion:Eifion,397,389,8,792.93,850.82,57.89,489,483
TRAINER_Keoni:Keoni#1,323,331,-8,1194.18,1142.53,-51.65,489,483
WAITRESS:Carmilla,366,358,8,1017.73,1046.63,28.9,545,483
WORKER:Kevin,431,423,8,630.48,663.88,33.4,541,483
YOUNGSTER2:Davor,241,249,-8,1606.17,1558.58,-47.59,489,483
BATTLEGIRL3:Amelia,207,214,-7,1741.39,1705.44,-35.95,489,483
BEAUTY:Kryssa,297,304,-7,1320.81,1271.42,-49.39,521,483
CHALLENGER_Vanya:Vanya#5,250,257,-7,1583.33,1519.45,-63.88,520,483
CLOWN:Klemens,405,398,7,761.71,774.68,12.97,533,483
COOLTRAINER_F7:Blaire,290,283,7,1375.13,1365.03,-10.1,530,483
DELINQUENT:Jeralyn,381,388,-7,916.2,866.32,-49.88,488,483
ELDER:Logun,26,33,-7,2386.76,2305.41,-81.35,527,483
GAMBLER:IgnitedxSoul,114,107,7,2098.16,2137.13,38.97,526,483
HARLEQUIN:Minty,77,70,7,2216.84,2235.29,18.45,551,483
HARLEQUIN:Vincenzi#1,339,346,-7,1128.64,1084.89,-43.75,544,483
IDEALTRAINER:of Beauty,91,98,-7,2180.0,2154.24,-25.76,488,483
LOST_RANGER_BLUE:Farid,209,202,7,1731.86,1754.45,22.59,488,483
LOST_RANGER_PURPLE:Farid,183,190,-7,1859.02,1833.57,-25.45,519,483
MAID:Wendy,176,183,-7,1884.96,1851.96,-33.0,505,483
MASKEDVILLAIN2:Teal#18,110,117,-7,2108.31,2110.39,2.08,505,483
NIGHTMARE_TRAINER:Torment,206,213,-7,1744.46,1705.71,-38.75,521,483
POKEMANIAC:Paris,387,394,-7,877.02,808.18,-68.84,505,483
POKEMONRANGER_M:Ivan,403,410,-7,771.08,739.63,-31.45,525,483
POKEMONTRAINER_Vanya:Vanya#2,9,2,7,2514.72,2529.33,14.61,521,483
SOCIALITE:Elizabeth,456,463,-7,422.3,335.92,-86.38,531,483
VETERANM_2:Roy,202,195,7,1757.23,1796.55,39.32,546,483
WILDPARTY_LELE:of Life,122,129,-7,2083.97,2047.34,-36.63,521,483
WORKER5:Jbsundown,104,111,-7,2124.88,2126.67,1.79,520,483
YOUNGSTER:Buzim,276,269,7,1419.26,1464.17,44.91,488,483
ANCIENTPRIEST:Dobromil,255,261,-6,1541.48,1499.74,-41.74,504,483
ARTIFICIALTRAINER:Doppel,201,207,-6,1766.53,1742.76,-23.77,470,480
BLACKBELT:Santiago,257,251,6,1541.11,1543.99,2.88,521,483
CAMPER_F:Tanya,256,250,6,1541.16,1553.71,12.55,488,483
COOLTRAINER_F7:Jade,393,387,6,828.65,866.32,37.67,543,483
HARLEQUIN:Vincenzi,464,458,6,334.03,388.75,54.72,535,483
KATY:Manycrows,38,44,-6,2325.03,2279.51,-45.52,520,483
LADY3:Kristiane,334,340,-6,1153.12,1108.87,-44.25,544,483
LINEBACKER:Lorenzo,356,362,-6,1050.88,1029.18,-21.7,489,483
MASKEDVILLAIN:Crimson#10,178,184,-6,1881.58,1851.96,-29.62,489,483
NURSE:Ellen,377,383,-6,931.95,881.6,-50.35,535,483
PILOT:Kurtis,204,210,-6,1749.29,1722.16,-27.13,520,483
POKEMONRANGER_F2:Amahle,419,425,-6,697.71,643.6,-54.11,543,483
POKEMONRANGER_M2:Connor,413,407,6,732.91,757.36,24.45,545,483
POKEMONRANGER_M4_GANG:Micah,174,168,6,1901.59,1917.99,16.4,488,483
SCHOOLKID_M:Louis,452,446,6,435.99,495.78,59.79,541,483
TOURISTM:Chus,1,7,-6,2647.02,2467.22,-179.8,521,483
WILDPARTY_KOKO:of Conflict,187,181,6,1839.89,1869.2,29.31,489,483
ANOTHERPOSSIBLETAMARIND:Tamarind#1,51,46,5,2273.1,2273.08,-0.02,488,483
BATTLEGIRL2:Yumei,307,302,5,1257.7,1275.14,17.44,520,483
BLACKBELT2:Riccardo,234,229,5,1639.66,1639.18,-0.48,507,483
BLACKBELT:Leo,107,112,-5,2118.45,2122.63,4.18,521,483
CLERK_F:Rosalie,292,297,-5,1369.6,1312.51,-57.09,521,483
COOLTRAINER_M7:Emir,235,230,5,1636.76,1634.58,-2.18,534,483
CYCLIST_F2:Lukka,278,273,5,1409.54,1420.64,11.1,507,483
FAIRYTALEGIRL:Emmi,30,35,-5,2349.97,2298.5,-51.47,521,483
FIREBREATHER:Bradley,269,274,-5,1465.17,1415.7,-49.47,489,483
FORMERCHAMP_Elise:Elise#1,15,20,-5,2469.65,2388.16,-81.49,520,483
GAMBLER:Gregor,449,444,5,483.24,500.41,17.17,542,483
GARDENER:Jacek,355,360,-5,1053.25,1039.33,-13.92,520,483
GUITARIST3:Jamie,331,326,5,1158.64,1166.66,8.02,545,483
IDEALTRAINER:of Origins,116,121,-5,2095.82,2087.57,-8.25,489,483
IDOL:Teagan,318,323,-5,1212.9,1171.49,-41.41,507,483
LEADER_Zoe:Zoé,351,356,-5,1077.06,1051.41,-25.65,521,483
LOST_RANGER_GREEN:Farid,194,199,-5,1794.87,1773.83,-21.04,520,483
MAID2:Maddie,271,266,5,1459.23,1489.86,30.63,520,483
MASKEDVILLAIN2:Teal#4,148,143,5,2008.72,2000.82,-7.9,520,483
MASKEDVILLAIN2:Teal#6,149,154,-5,2007.14,1978.76,-28.38,488,483
POKEFAN_F3:Margaret,389,384,5,864.06,876.53,12.47,489,483
POKEMONBREEDER_F:Miss Zesty,118,123,-5,2090.7,2085.43,-5.27,505,483
POKEMONRANGER_M3:Grant,308,303,5,1253.5,1274.3,20.8,521,483
POKEMONTRAINER_Vanya:Vanya#1,11,16,-5,2480.01,2402.71,-77.3,521,483
PSYCHIC_M2:Rohan,358,353,5,1047.65,1056.19,8.54,520,483
ROUGHNECK:Reese,324,329,-5,1189.76,1159.93,-29.83,530,483
RUINMANIAC2:Bernard,217,222,-5,1696.54,1670.78,-25.76,489,483
SCHOOLKID_F:Arya,441,436,5,547.36,571.6,24.24,538,483
SWIMMER_F3:Bree,293,288,5,1369.6,1351.7,-17.9,521,483
SWIMMER_M3:Diego,259,254,5,1534.25,1529.27,-4.98,505,483
SWIMMER_M4:Jan,322,327,-5,1194.18,1166.66,-27.52,489,483
SWIMMER_M:Stannis,352,347,5,1060.27,1080.1,19.83,547,483
WAITER:Aaron,55,50,5,2258.92,2265.38,6.46,518,483
BACKPACKER_F:Aiyana,408,404,4,756.86,757.36,0.5,525,483
BACKPACKER_F:Mia,294,290,4,1366.9,1342.64,-24.26,489,483
BATTLEGIRL:Eliza,473,469,4,226.36,249.3,22.94,543,483
BEAUTY4:Brunhilda,240,236,4,1606.17,1615.97,9.8,489,483
BEAUTY6:Brenda,263,267,-4,1494.71,1475.03,-19.68,489,483
BIRDKEEPER_F:Amanda,409,405,4,748.13,757.36,9.23,543,483
BLACKBELT3:Philip,433,437,-4,613.8,559.55,-54.25,529,483
BURGLAR:Martino,105,101,4,2121.29,2146.5,25.21,520,483
BUTLER:Sagan,169,173,-4,1928.27,1892.54,-35.73,486,482
CAMERAMAN:Marcel,370,374,-4,975.88,936.15,-39.73,546,483
CHEF:Travis,457,453,4,422.27,440.34,18.07,544,483
CLERK_M2:Alejandro,386,382,4,880.89,886.65,5.76,547,483
CLERK_M2:Marton,420,424,-4,693.94,643.6,-50.34,551,483
COLLECTOR:Emre,371,375,-4,961.27,936.15,-25.12,505,483
GUITARIST2:Brady,374,370,4,940.57,956.8,16.23,521,483
LEADER_Bence:Bence#2,37,41,-4,2334.7,2283.17,-51.53,505,483
LEADER_Eko:Eko,424,420,4,679.21,670.51,-8.7,545,483
MAID:Alice,436,440,-4,572.41,537.27,-35.14,532,483
MASKEDVILLAIN2:Teal#8,126,122,4,2072.94,2085.43,12.49,489,483
MASKEDVILLAIN:Crimson#2,228,232,-4,1656.55,1629.96,-26.59,521,483
MASKEDVILLAIN_DOUBLE:Crimson,188,192,-4,1833.86,1822.53,-11.33,488,483
POKEFAN_M:Jamie,459,455,4,390.74,422.35,31.61,533,483
POKEMONRANGER_F:Val,388,392,-4,867.62,813.62,-54.0,531,483
POKEMONTRAINER_Yezera:Yezera#2,412,408,4,738.13,745.59,7.46,539,483
ROUGHNECK2:Robert,385,381,4,885.05,891.68,6.63,521,483
SCHOOLKID_GHOST:Honesty,286,282,4,1385.81,1371.35,-14.46,520,483
SCIENTIST_F3:Viola,365,361,4,1018.83,1037.08,18.25,533,483
SCIENTIST_F:Zofia,329,325,4,1174.0,1168.5,-5.5,489,483
SCIENTIST_M2:Dexter,453,457,-4,434.57,413.2,-21.37,535,483
SKIER_F:Natalia,320,316,4,1210.23,1195.69,-14.54,504,483
SUSPICIOUSMAN:Tommaso,190,194,-4,1831.15,1805.29,-25.86,489,483
TRAINER_Alessa:Alessa#1,411,415,-4,739.64,696.43,-43.21,488,483
TRAINER_Imogene_B:Imogene,427,431,-4,660.91,608.48,-52.43,520,483
TWINS2:Bella and Meghan,353,349,4,1058.04,1067.94,9.9,532,483
ANCIENTPRIEST:Radzayac,212,209,3,1714.62,1722.16,7.54,489,483
AROMALADY:Cheshire,406,403,3,760.67,757.36,-3.31,534,483
ARTIST3_GHOST:Alicynthia,282,279,3,1391.37,1403.87,12.5,489,483
BEAUTY5:Esme,131,134,-3,2052.32,2026.11,-26.21,489,483
BOARDER:Alex,394,391,3,809.61,824.41,14.8,524,483
CHALLENGER_Vanya:Vanya#4,302,299,3,1279.73,1297.85,18.12,489,483
CLERK_M2:Papper,84,87,-3,2200.32,2194.71,-5.61,535,483
CLERK_M2:Zoltan,392,395,-3,833.31,797.17,-36.14,528,483
DOCTOR:Peio,336,339,-3,1149.36,1108.87,-40.49,522,483
FAIRYTALEGIRL:Maja,435,432,3,585.03,586.57,1.54,548,483
GUITARIST3:Athena,205,208,-3,1744.46,1726.27,-18.19,521,483
HEXMANIAC_GHOST:Juno,295,292,3,1362.63,1332.08,-30.55,505,483
HIKER2:Jude,465,468,-3,305.66,260.79,-44.87,539,483
IDOL:Ishizu,430,433,-3,631.7,586.57,-45.13,530,483
LEADER_Bence:Bence,360,363,-3,1039.08,1022.75,-16.33,507,483
MEDIUM:Theoni,438,435,3,562.02,579.12,17.1,536,483
NINJABOY:Matthew,478,481,-3,154.26,104.26,-50.0,545,483
POKEMONMASTER_Vanya:Vanya#9,93,90,3,2177.44,2191.18,13.74,488,483
POKEMONRANGER_M2:Martel,369,372,-3,988.07,954.21,-33.86,489,483
PSYCHIC_F2:Ludmila,426,429,-3,661.38,636.71,-24.67,536,483
PUNKM:Vlad,304,307,-3,1274.94,1244.23,-30.71,489,483
RICHBOY:Splitmoon,88,91,-3,2188.83,2191.18,2.35,557,483
SAGE:Rennyo,467,470,-3,292.72,249.3,-43.42,524,483
SAGE:Shion,372,369,3,954.47,960.41,5.94,489,483
SCIENTIST_F:Natasha,382,385,-3,905.95,876.53,-29.42,545,483
SCIENTIST_M:Julien,361,364,-3,1035.47,1013.27,-22.2,527,483
SUPERNERD:John,306,309,-3,1260.81,1229.65,-31.16,521,483
TEENAGERF:Naomi,439,442,-3,560.66,532.84,-27.82,545,483
TOURISTM:Francois,163,160,3,1965.45,1945.65,-19.8,488,483
TRAINER_Alessa:Alessa#2,296,293,3,1325.56,1332.08,6.52,503,483
TRAINER_Alessa:Alessa#6,10,13,-3,2492.17,2420.57,-71.6,507,483
TRAINER_Eifion:Eifion#3,42,45,-3,2310.19,2275.9,-34.29,521,483
TUBER_F2:Hana,273,270,3,1430.69,1460.19,29.5,489,483
VETERANM:Taro,193,196,-3,1799.94,1789.04,-10.9,521,483
WILDPACK:Frigid,142,145,-3,2023.77,1996.63,-27.14,507,483
AROMALADY:Hannah,472,474,-2,226.9,188.21,-38.69,536,483
ARTIST:Evan,471,473,-2,233.64,200.98,-32.66,542,483
BAKER:Margerie,280,278,2,1405.96,1404.62,-1.34,526,483
BAKER:Rose,454,452,2,432.86,440.34,7.48,532,483
BIRDKEEPER_M2:Vlasta,171,169,2,1913.78,1915.93,2.15,489,483
BOARDER:Lev,384,386,-2,902.28,866.32,-35.96,520,483
CAMPER_F:Veronica,326,328,-2,1184.25,1161.83,-22.42,544,483
CHALLENGER_Vanya:Vanya,461,459,2,360.0,385.11,25.11,520,483
CHALLENGER_Vanya:Vanya#2,402,400,2,775.55,766.33,-9.22,489,483
CHALLENGER_Vanya:Vanya#3,373,371,2,953.32,955.58,2.26,507,483
COOLTRAINER_F:Reina,267,265,2,1478.24,1489.86,11.62,489,483
DITTO_AROMALADY:Cindalice,378,380,-2,930.28,896.69,-33.59,521,483
DITTO_CAMPER:Johnate,380,378,2,925.11,911.6,-13.51,489,483
DITTO_RANGER:Hannamy,375,377,-2,935.13,916.54,-18.59,507,483
EXPERTM:Hiroshi,180,182,-2,1876.91,1859.34,-17.57,506,483
FIREBREATHER:Antonio,474,472,2,222.13,213.45,-8.68,534,483
GUITARIST:Reece,468,466,2,284.89,294.02,9.13,544,483
HEXMANIAC:Lichenprincess,128,130,-2,2064.76,2038.84,-25.92,553,483
HIKER:Dave,482,484,-2,84.33,56.34,-27.99,534,483
IDEALTRAINER:of Riches,111,109,2,2102.54,2130.69,28.15,489,483
JOGGER:Georgio,391,393,-2,837.2,808.18,-29.02,544,483
KIMONOGIRL:Haera,399,397,2,780.86,791.61,10.75,539,483
LASS4:Chloe,462,464,-2,355.42,315.29,-40.13,544,483
MASKEDVILLAIN2:Teal#22,13,11,2,2478.74,2434.62,-44.12,489,483
NURSERYAIDE:Francesca,347,345,2,1095.6,1089.68,-5.92,545,483
PARASOLLADY2:Antoinette,184,186,-2,1856.03,1848.28,-7.75,521,483
PARASOLLADY:Clarissa,401,399,2,778.15,769.17,-8.98,528,483
POKEMONBREEDER_F4:Sara,279,277,2,1407.49,1404.72,-2.77,521,483
POKEMONBREEDER_M4:Isaac,317,319,-2,1216.3,1184.29,-32.01,489,483
POKEMONMASTER_Vanya:Vanya#15,100,102,-2,2139.78,2142.59,2.81,521,483
POKEMONMASTER_Vanya:Vanya#17,53,51,2,2260.93,2261.95,1.02,489,483
POKEMONRANGER_M:Alastar,223,221,2,1680.15,1670.78,-9.37,489,483
PSYCHIC_M:Uriel,469,467,2,278.77,283.14,4.37,534,483
SAILOR:Dom,151,149,2,1999.9,1992.46,-7.44,521,483
SPIRITGUARDIAN3:Preeti,7,9,-2,2551.66,2441.87,-109.79,521,483
SWIMMER_M2:Finn,350,352,-2,1077.81,1063.14,-14.67,521,483
TUBER_M:Peter,479,477,2,141.22,147.96,6.74,534,483
WAITRESS2:Fanfan,62,64,-2,2245.07,2242.92,-2.15,489,483
BATTLEGIRL2:Juniper,197,198,-1,1790.59,1773.83,-16.76,521,483
BATTLEGIRL3:Kryska,364,365,-1,1023.78,1008.42,-15.36,522,483
BEAUTY3:Ester,313,312,1,1226.92,1210.23,-16.69,519,483
BIKER2:Chuck,341,342,-1,1122.1,1099.27,-22.83,529,483
BIKER:Knoxx,243,242,1,1603.62,1592.31,-11.31,520,483
BUGCATCHER_F:Caitlyn,480,479,1,130.06,104.26,-25.8,543,483
CAMPER:Liam,368,367,1,1006.55,989.27,-17.28,521,483
CAMPER_M:Nick,227,228,-1,1659.31,1643.76,-15.55,520,483
CHALLENGER_Vanya:Vanya#8,78,77,1,2215.67,2219.66,3.99,505,483
CLERK_F:Lily,442,441,1,541.46,532.84,-8.62,544,483
COLLECTOR:Mirko,314,315,-1,1225.1,1195.69,-29.41,551,483
COOLTRAINER_M7:Xander,440,439,1,557.91,540.75,-17.16,544,483
DANCER:Isai,463,462,1,341.57,335.92,-5.65,544,483
DITTO_PROTRAINER:Xandevon,300,301,-1,1284.53,1292.96,8.43,489,483
DRAGONTAMER:Georgius,437,438,-1,570.1,548.58,-21.52,549,483
GENTLEMAN3:D,261,260,1,1510.35,1504.67,-5.68,520,483
GENTLEMAN:Wilfrid,481,480,1,127.44,104.26,-23.18,541,483
IDEALTRAINER:of Conquest,115,114,1,2097.14,2121.18,24.04,520,483
LASS2:Sienna,484,483,1,65.55,88.79,23.24,538,483
LASS:Tara,429,428,1,640.93,636.71,-4.22,535,483
LEADER_Lambert:Lambert,460,461,-1,382.61,355.98,-26.63,541,483
LINEBACKER:Josh,446,445,1,500.74,500.41,-0.33,542,483
POKEFAN_F2:Tsveta,418,419,-1,699.36,677.08,-22.28,544,483
POKEMONTRAINER_Yezera:Yezera,455,456,-1,428.61,413.2,-15.41,535,483
PSYCHIC_F3:Felicia,152,153,-1,1998.66,1978.9,-19.76,521,483
RICHBOY3:Ryan,252,253,-1,1576.56,1529.27,-47.29,521,483
RUINMANIAC:Colby,288,287,1,1380.17,1351.7,-28.47,507,483
RUINMANIAC:Spencer,451,450,1,441.8,449.2,7.4,534,483
SAILOR:Dylan,470,471,-1,255.61,237.6,-18.01,540,483
SAILOR:Konrad,367,368,-1,1015.71,979.67,-36.04,545,483
SCHOOLKID_M2:Branimir,448,449,-1,495.86,466.63,-29.23,540,483
SCIENTIST_F:Marie,450,451,-1,468.17,449.2,-18.97,539,483
SKIER_F2:Valeriya,395,396,-1,805.12,797.17,-7.95,520,483
SWIMMER_F:Cosmina,224,225,-1,1680.15,1661.87,-18.28,489,483
TEENAGERM:Jonas,466,465,1,298.51,315.29,16.78,537,483
TRAINER_Candy:Candy,312,313,-1,1228.28,1210.23,-18.05,488,483
TUBER_F:Sophie,477,478,-1,158.24,133.81,-24.43,533,483
WILDPACK:Solar,143,144,-1,2023.2,1999.39,-23.81,489,483
YOUNGSTER:Harvey,483,482,1,78.45,104.26,25.81,544,483
ARTIST4:Rabah,258,258,0,1537.81,1514.53,-23.28,505,483
ARTIST:Arnold,311,311,0,1246.27,1216.31,-29.96,489,483
BURGLAR:Barret,434,434,0,597.67,579.12,-18.55,489,483
CAMERAMAN2:Octavio,332,332,0,1156.61,1136.16,-20.45,489,483
COWGIRL:Sasha,344,344,0,1109.9,1094.47,-15.43,489,483
DITTO_HIKER:Kevinick,379,379,0,927.98,901.67,-26.31,521,483
GUITARIST2:Alan,333,333,0,1155.07,1132.9,-22.17,534,483
LADY2:Rebecca,475,475,0,203.2,175.14,-28.06,540,483
LEADER_Helena:Helena,390,390,0,846.79,845.6,-1.19,537,483
POKEMANIAC:Nikos,376,376,0,934.87,931.27,-3.6,549,483
POKEMONMASTER_Vanya:Vanya#12,125,125,0,2078.49,2072.79,-5.7,489,483
POKEMONMASTER_Vanya:Vanya#21,89,89,0,2187.68,2191.18,3.5,520,483
ROLLERSKATER_M:Lane Tester,476,476,0,191.91,175.14,-16.77,536,483
TRAINER_Alessa:Alessa,443,443,0,514.83,532.84,18.01,521,483
TRAINER_Keoni:Keoni,447,447,0,497.75,480.47,-17.28,507,483
VETERANM_2:Hadley,321,321,0,1194.89,1176.33,-18.56,535,483
WORKER:Bryn,359,359,0,1041.7,1046.63,4.93,549,483
