trainer,rank_singles_uncursed,rank_doubles_uncursed,rank_delta,rating_singles_uncursed,rating_doubles_uncursed,rating_delta,battles_singles_uncursed,battles_doubles_uncursed
MASKEDVILLAIN2:Teal#20,78,170,-92,2078.53,1815.07,-263.46,542,536
MASKEDVILLAIN:Crimson#20,77,166,-89,2087.57,1823.78,-263.79,541,536
POKEMONTRAINER_Yezera:Yezera#9,119,32,87,1984.44,2178.6,194.16,542,536
HEXMANIAC_1:Riptide,344,259,85,1345.45,1568.65,223.2,542,536
VETERANM_2:Kirbae,98,16,82,2041.48,2247.97,206.49,540,536
MASKEDVILLAIN2:Teal#21,59,138,-79,2128.53,1932.87,-195.66,541,536
POKEMONRANGER_F_GANG:Amber,149,227,-78,1879.79,1661.45,-218.34,542,536
POKEMONMASTER_Vanya:Vanya#19,136,59,77,1916.52,2113.64,197.12,542,536
POKEMONRANGER_M:Zufaix,104,30,74,2029.96,2184.0,154.04,542,536
MASKEDVILLAIN:Crimson#21,58,125,-67,2136.31,1966.81,-169.5,541,536
WILDPACK:Cosmic,200,133,67,1746.85,1940.38,193.53,542,536
POKEMONMASTER_Vanya:Vanya#18,134,69,65,1923.98,2093.89,169.91,542,536
POKEMONRANGER_F2_GANG:Mina,132,197,-65,1931.44,1745.82,-185.62,542,536
FORMERCHAMP_Casey:Casey,66,128,-62,2113.94,1953.59,-160.35,542,536
TAPU_FINI:Tapu Fini,75,136,-61,2091.43,1933.48,-157.95,542,536
TRAINER_Alessa:Alessa#3,39,100,-61,2184.75,2038.63,-146.12,542,536
TRAINER_Sang:Sang#5,86,26,60,2061.08,2206.88,145.8,541,536
TAPU_FINI:Tapu Fini#1,60,118,-58,2125.8,1993.35,-132.45,542,536
HARLEQUIN:Regis,249,193,56,1584.74,1755.84,171.1,542,536
LEADER_Victoire:Victoire#1,140,196,-56,1909.1,1751.77,-157.33,542,536
ANOTHERPOSSIBLEZAIN:Zain,88,143,-55,2056.25,1921.66,-134.59,542,536
HEXMANIAC_1:Riptide#1,79,132,-53,2078.52,1942.59,-135.93,541,536
SCIENTIST_M4:Jacob,228,175,53,1649.39,1799.98,150.59,542,536
SPIRITGUARDIAN4:Brigitte,35,88,-53,2194.31,2068.34,-125.97,542,536
TRAINER_Zain:Zain#3,31,84,-53,2211.35,2072.02,-139.33,542,536
JANITOR:Steeb,145,93,52,1890.7,2057.26,166.56,542,536
BIRDKEEPER_F:Danika,152,203,-51,1876.26,1728.37,-147.89,542,536
LEADER_Victoire:Victoire,158,208,-50,1856.39,1717.05,-139.34,542,536
FORMERCHAMP_Ansel:Ansel,4,53,-49,2328.86,2120.76,-208.1,542,536
POKEMONMASTER_Vanya:Vanya#4,196,149,47,1768.23,1899.46,131.23,542,536
TRAINER_Sang:Sang#4,99,52,47,2040.65,2122.53,81.88,540,536
ARCHFRIEND_Lainie:Lainie,112,66,46,2014.82,2099.29,84.47,541,536
PUNKM:ValourDyke,69,24,45,2111.35,2225.1,113.75,541,536
DELINQUENT:Lilypad,24,68,-44,2229.81,2093.89,-135.92,542,536
JUGGLER:Brickbat,185,141,44,1797.51,1929.13,131.62,541,536
POKEMONMASTER_Vanya:Vanya#5,47,91,-44,2159.69,2059.11,-100.58,542,536
POKEMONTRAINER_Yezera:Yezera#10,211,167,44,1698.95,1818.42,119.47,541,536
POKEMONMASTER_Vanya:Vanya#1,70,113,-43,2109.71,1999.56,-110.15,542,536
HIKER:Valrex,102,60,42,2036.83,2108.29,71.46,541,536
MASKEDVILLAIN:Crimson#14,62,104,-42,2122.21,2025.83,-96.38,542,536
POKEMONMASTER_Vanya:Vanya#13,107,148,-41,2024.3,1903.13,-121.17,541,536
POKEMONMASTER_Vanya:Vanya#8,176,135,41,1820.2,1936.62,116.42,542,536
IDEALTRAINER:of Freedom,90,50,40,2054.39,2124.44,70.05,541,536
MASKEDVILLAIN2:Teal#14,61,101,-40,2122.21,2034.88,-87.33,542,536
MASKEDVILLAIN_Sang:Silver,293,253,40,1506.08,1578.0,71.92,541,536
TRAINER_Skyler:Skyler,115,75,40,2003.44,2084.82,81.38,542,536
COOLTRAINER_M7:Nero,83,122,-39,2065.56,1970.6,-94.96,542,536
SAILOR2:Angelo,253,292,-39,1575.73,1488.03,-87.7,542,536
ANOTHERPOSSIBLEZAIN:Zain#1,76,114,-38,2089.56,1999.08,-90.48,542,536
BURGLAR:Devin,209,171,38,1703.77,1813.2,109.43,542,536
MASKEDVILLAIN2:Teal#15,49,87,-38,2157.84,2070.19,-87.65,542,536
MASKEDVILLAIN:Crimson#15,45,83,-38,2168.46,2072.02,-96.44,542,536
WILDPACK:Lunar,202,164,38,1732.59,1831.95,99.36,542,536
DRAGONTAMER2:Abraham,214,177,37,1695.57,1798.6,103.03,542,536
DRAGONTAMER_F:Bella,153,116,37,1874.63,1993.35,118.72,537,536
TAPU_KOKO:Tapu Koko,80,43,37,2077.09,2148.79,71.7,542,536
SUPERNERD:Agentbla,109,73,36,2022.4,2090.27,67.87,542,536
VETERANM_3:Pearce,222,258,-36,1672.37,1568.76,-103.61,541,536
WILDPACK:Muggy,216,180,36,1686.83,1795.36,108.53,541,536
WORKER3:Seamus,317,353,-36,1415.74,1298.16,-117.58,542,536
LEADER_Eko:Eko#2,26,61,-35,2222.36,2108.29,-114.07,542,536
POKEMONTRAINER_Yezera:Yezera#8,116,81,35,1999.77,2075.69,75.92,541,536
RICHBOY4:Darlvon,122,89,33,1971.09,2060.98,89.89,542,536
MEDIUM:Izumi,205,237,-32,1720.57,1622.39,-98.18,542,536
POKEMONMASTER_Vanya:Vanya#14,124,92,32,1963.54,2057.29,93.75,542,536
POKEMONMASTER_Vanya:Vanya#20,169,201,-32,1829.22,1739.56,-89.66,540,535
VANYAMOM:Vidya,265,233,32,1554.75,1641.64,86.89,542,536
GUITARIST3:Envy,48,79,-31,2157.84,2079.35,-78.49,542,536
WILDPACK:Arid,244,213,31,1598.74,1703.26,104.52,542,536
POKEMONMASTER_Vanya:Vanya,187,157,30,1794.26,1850.94,56.68,541,536
POKEMONRANGER_M2_GANG:Terrance,94,124,-30,2049.18,1968.75,-80.43,542,536
TOURISTM:Azeler,33,3,30,2201.07,2320.63,119.56,540,536
TOURISTM:Calvin,165,195,-30,1842.47,1751.88,-90.59,542,536
MASKEDVILLAIN2:Teal#11,93,64,29,2050.91,2104.7,53.79,542,536
POKEMONTRAINER_Vanya:Vanya,7,36,-29,2325.43,2171.61,-153.82,542,536
SCIENTIST_F:LunaFlare,46,17,29,2160.75,2242.56,81.81,541,536
BACKERS_M:Yanko and Orlando,331,303,28,1389.97,1465.23,75.26,541,536
BLACKBELT:Kai,296,268,28,1494.83,1547.89,53.06,542,536
TRAINER_Eifion:Eifion#1,95,123,-28,2047.0,1970.6,-76.4,542,536
TRAINER_Keoni:Keoni#2,126,98,28,1948.43,2046.1,97.67,542,536
TRAINER_Sang:Sang#2,201,173,28,1740.89,1804.66,63.77,542,536
ANOTHERPOSSIBLETAMARIND:Tamarind,103,76,27,2030.13,2083.0,52.87,541,536
BATTLEGIRL:Tester,392,365,27,1180.0,1247.24,67.24,523,536
JUGGLER:Mikael,343,316,27,1349.27,1416.73,67.46,541,536
LADY4:Pria,190,163,27,1786.43,1831.95,45.52,542,536
PROFESSOR_Tamarind:Tamarind,92,65,27,2052.51,2099.31,46.8,542,536
FAIRYTALEGIRL:Madeline,189,215,-26,1790.44,1697.85,-92.59,542,536
IDEALTRAINER:of Brilliance,96,70,26,2046.9,2092.09,45.19,542,536
POKEMONMASTER_Vanya:Vanya#3,123,97,26,1969.24,2046.1,76.86,542,536
HARLEQUIN:Minty,110,85,25,2018.61,2070.8,52.19,542,536
LEADER_Lambert:Lambert#2,55,80,-25,2145.47,2079.35,-66.12,542,536
POKEMONTRAINER_Yezera:Yezera#11,34,9,25,2194.82,2278.78,83.96,541,536
SCIENTIST_M2:Marco,411,386,25,1117.35,1187.71,70.36,542,536
SWIMMER_F2:Astrid,259,284,-25,1559.76,1514.87,-44.89,542,536
IDEALTRAINER:of Beauty,105,129,-24,2026.36,1951.68,-74.68,541,536
JUGGLER:Youcef,307,331,-24,1451.52,1369.71,-81.81,541,536
LEADER_Helena:Helena#2,101,77,24,2037.5,2081.17,43.67,542,536
MASKEDVILLAIN2:Teal#5,159,183,-24,1851.23,1787.23,-64.0,542,536
PILOT:Charlie,278,302,-24,1530.0,1467.8,-62.2,542,536
TAPU_LELE:Tapu Lele#1,87,63,24,2058.24,2105.88,47.64,541,535
VETERANM:Yoshihiro,264,288,-24,1555.19,1500.35,-54.84,542,536
BACKERS_F:Maria and Iveta,221,244,-23,1674.34,1601.21,-73.13,542,536
CLERK_M:Scott,255,278,-23,1567.28,1524.41,-42.87,541,536
COOLTRAINER_F3:Leah,354,377,-23,1303.37,1218.38,-84.99,542,536
DRAGONTAMER:Bataar,269,246,23,1541.48,1598.88,57.4,542,536
DRAGONTAMER_F:Zinnia,73,96,-23,2096.87,2049.83,-47.04,542,536
IDEALTRAINER:of Colors,166,189,-23,1841.24,1778.78,-62.46,541,536
KILLU:Killu,65,42,23,2117.05,2150.67,33.62,541,536
ODDISH:Oddium,28,5,23,2222.36,2308.93,86.57,542,536
TRAINER_Alessa:Alessa#5,254,277,-23,1571.16,1529.14,-42.02,542,536
ANCIENTPRIEST:Kazmilos,274,296,-22,1536.9,1475.46,-61.44,542,536
LEADER_Noel:Noel#1,284,262,22,1517.46,1557.18,39.72,542,536
MASKEDVILLAIN2:Teal#2,203,225,-22,1732.08,1669.05,-63.03,542,536
SEEKER_Nora:Nora,192,214,-22,1784.01,1701.25,-82.76,542,536
ANOTHERPOSSIBLEALESSA:Alessa#1,8,29,-21,2323.78,2185.61,-138.17,542,536
BEAUTY:Gretchen,393,414,-21,1179.72,1085.35,-94.37,542,536
CLOWN:Dimesmart,377,398,-21,1236.6,1147.69,-88.91,542,536
GARDENER:Larry,163,184,-21,1846.02,1786.88,-59.14,542,536
MASKEDVILLAIN2:Teal#16,111,90,21,2018.61,2060.96,42.35,542,536
OFFICEWORKER_M:Kurt,310,289,21,1447.67,1497.9,50.23,542,536
TRAINER_Imogene_A:Imogene#1,84,105,-21,2063.72,2023.6,-40.12,541,536
WORKER3:Bruce,333,312,21,1384.66,1438.81,54.15,542,536
COOLTRAINER_M7:X,25,45,-20,2226.2,2145.51,-80.69,542,536
IDEALTRAINER:of Tradition,175,155,20,1820.73,1868.6,47.87,541,536
LADY2:Eseria,19,39,-20,2256.9,2166.78,-90.12,542,536
LEADER_Bence:Bence#1,340,320,20,1375.17,1411.07,35.9,542,536
SHADOWMAVIS:Mavis,154,174,-20,1874.21,1801.86,-72.35,542,536
SWIMMER_F6:Kiana,260,280,-20,1557.42,1524.41,-33.01,542,536
TRAINER_Zain:Zain#2,29,49,-20,2218.67,2127.4,-91.27,542,536
GAMBLER:Tiki,184,165,19,1800.21,1828.55,28.34,542,536
JANITOR:Eric,386,367,19,1207.13,1244.18,37.05,541,536
POKEMONTRAINER_Yezera:Yezera#4,400,381,19,1152.05,1203.03,50.98,542,536
PSYCHIC_M3:Boban,403,384,19,1144.02,1192.47,48.45,542,536
ROUGHNECK2:Jaggedthorn,125,106,19,1954.08,2021.8,67.72,542,536
RUINMANIAC2:Nabil,289,308,-19,1509.05,1454.47,-54.58,542,536
WORKER6:Paul,322,341,-19,1407.44,1351.01,-56.43,542,536
ARTIST3:Drawingbox,161,179,-18,1847.73,1795.36,-52.37,542,536
COOLTRAINER_F7:Nyx,230,212,18,1646.47,1703.26,56.79,542,536
LEADER_Noel:Noel,288,270,18,1509.05,1543.23,34.18,542,536
MASKEDVILLAIN_DOUBLE:Crimson#12,81,99,-18,2067.44,2042.37,-25.07,541,536
MASKEDVILLAIN_Sang:Silver#1,270,252,18,1541.26,1578.29,37.03,541,536
POKEMONMASTER_Vanya:Vanya#11,129,111,18,1942.75,2012.28,69.53,542,536
VANYADAD:Avram,279,261,18,1523.06,1561.59,38.53,542,536
WAITRESS3:Destiny,32,14,18,2204.1,2253.74,49.64,542,536
ARTIST3:Frida,355,338,17,1300.01,1354.17,54.16,542,536
GAMBLER:IgnitedxSoul,143,126,17,1892.46,1963.05,70.59,542,536
IRISCOSPLAYER:Isabelle,168,185,-17,1837.29,1785.73,-51.56,542,536
LEADER_Eko:Eko#1,459,442,17,880.12,920.82,40.7,542,536
LEADER_Samorn:Samorn#2,27,44,-17,2222.36,2146.81,-75.55,542,536
MASKEDVILLAIN:Crimson#18,144,127,17,1892.44,1955.46,63.02,542,536
TAPU_BULU:Tapu Bulu,50,33,17,2154.29,2178.6,24.31,542,536
ULTRALAINIE:Lainie,36,19,17,2189.76,2236.36,46.6,542,536
VETERAN_F:Emily,237,254,-17,1619.85,1578.0,-41.85,542,536
ANCIENTPRIEST:Chestibor,305,321,-16,1455.37,1408.22,-47.15,542,536
DANDY:Jules,314,330,-16,1433.08,1375.81,-57.27,541,536
POKEMONBREEDER_M2:Pechapanda,290,274,16,1506.92,1531.5,24.58,542,536
POKEMONMASTER_Vanya:Vanya#10,133,117,16,1925.84,1993.35,67.51,542,536
POKEMONMASTER_Vanya:Vanya#16,147,131,16,1887.05,1944.14,57.09,542,536
POKEMONTRAINER_Vanya:Vanya#3,23,7,16,2245.07,2294.66,49.59,542,536
SEEKER_Nora:Nora#1,54,38,16,2147.2,2168.12,20.92,542,536
TRAINER_Imogene_A:Imogene,497,513,-16,709.18,610.63,-98.55,541,536
AROMALADY3:Henrietta,319,334,-15,1410.22,1366.63,-43.59,542,536
DOCTOR:Renaldo,271,286,-15,1539.19,1507.64,-31.55,542,536
GENTLEMAN3:Oliver,361,346,15,1279.49,1330.52,51.03,542,536
HEXMANIAC:Errata,3,18,-15,2361.55,2240.19,-121.36,542,536
KIMONOGIRL:Chiyo,267,282,-15,1545.89,1519.65,-26.24,541,536
LASS3:Carmen,328,343,-15,1396.17,1344.65,-51.52,542,536
LASS:Rovina,329,314,15,1391.09,1433.37,42.28,542,536
NIGHTMAREQUEEN_Elise:Elise,38,23,15,2184.8,2225.1,40.3,542,536
POKEFAN_F:Impi,383,368,15,1225.5,1242.78,17.28,542,536
POKEMONTRAINER_Yezera:Yezera#6,193,178,15,1783.75,1798.6,14.85,542,536
SCIENTIST_M5:Sonatane,365,350,15,1272.51,1309.12,36.61,542,536
SMASHER:Stella,382,397,-15,1225.96,1151.56,-74.4,541,536
WILDPARTY_BULU:of Abundance,171,186,-15,1825.85,1785.73,-40.12,541,536
BUGCATCHER_F:April,178,192,-14,1816.82,1766.95,-49.87,542,536
CAMPER:Christian,450,464,-14,894.58,841.35,-53.23,541,536
COOLTRAINERSQUAD_2:Shouta and Kaede,183,169,14,1800.21,1815.07,14.86,542,536
GARDENER:Bud,224,238,-14,1656.94,1615.33,-41.61,542,536
LEADER_Samorn:Samorn#1,164,150,14,1844.31,1879.38,35.07,542,536
MASKEDVILLAIN2:Teal#7,174,160,14,1821.36,1842.28,20.92,541,536
POKEMONCHAMPION_Vanya:Vanya,6,20,-14,2328.86,2232.57,-96.29,542,536
POKEMONTRAINER_Yezera:Yezera#7,85,71,14,2061.85,2092.07,30.22,542,536
RICHCOUPLE:Diana and Edward,236,222,14,1620.28,1680.33,60.05,541,536
ROUGHNECK2:Flavio,376,390,-14,1240.27,1179.57,-60.7,542,536
SPIRITGUARDIAN2:Sonya,172,158,14,1823.61,1849.23,25.62,541,536
TAPU_KOKO:Tapu Koko#1,64,78,-14,2118.64,2081.17,-37.47,542,536
TUBER_M:Derek,388,374,14,1195.68,1233.48,37.8,542,536
ANOTHERPOSSIBLEALESSA:Alessa,22,35,-13,2248.97,2171.61,-77.36,542,536
ARTIFICIALTRAINER:Solitaire,324,337,-13,1405.03,1354.17,-50.86,475,536
BIRDKEEPER_M:Kendall,351,364,-13,1313.34,1255.33,-58.01,542,536
BUGCATCHER2:Rangsan,252,265,-13,1578.02,1554.85,-23.17,542,536
BUGCATCHER_F:Lovina,465,452,13,849.48,876.78,27.3,542,536
COOLTRAINER_F7:Milja,327,340,-13,1396.17,1351.01,-45.16,542,536
KATY:Manycrows,43,56,-13,2171.9,2115.43,-56.47,541,536
MASKEDVILLAIN:Crimson#3,273,260,13,1539.19,1562.54,23.35,542,536
POKEMONMASTER_Vanya:Vanya#6,160,147,13,1851.23,1910.52,59.29,542,536
POKEMONRANGER_M4_GANG:Micah,212,199,13,1696.88,1744.03,47.15,541,536
SCIENTIST_M3:Gunter,231,218,13,1644.01,1696.16,52.15,542,536
SWIMMER_F5:Shreya,266,279,-13,1548.35,1524.41,-23.94,542,536
VETERAN_F:Genevieve,446,459,-13,915.0,861.25,-53.75,542,536
WAITRESS2:Fanfan,82,95,-13,2065.71,2051.72,-13.99,542,536
ARTIFICIALTRAINER:Trinity,283,271,12,1517.76,1541.04,23.28,539,535
EXPERTF:Kimiko,179,191,-12,1811.45,1770.04,-41.41,542,536
FORMERCHAMP_Elise:Elise,10,22,-12,2298.77,2230.99,-67.78,542,536
FORMERCHAMP_Elise:Elise#1,15,27,-12,2269.33,2202.93,-66.4,542,536
FORMERCHAMP_Praveen:Praveen,67,55,12,2113.28,2118.98,5.7,542,536
LEADER_Zoe:Zoé,394,406,-12,1171.88,1131.17,-40.71,542,536
MASKEDVILLAIN2:Teal#10,106,94,12,2026.18,2055.63,29.45,542,536
MASKEDVILLAIN:Crimson#8,238,226,12,1617.48,1663.97,46.49,542,536
NIGHTMARE_TRAINER:Agony,275,263,12,1536.9,1557.18,20.28,542,536
NIGHTMARE_TRAINER:Torment,245,257,-12,1596.42,1570.79,-25.63,542,536
POKEMONBREEDER_F:Miss Zesty,142,154,-12,1894.36,1870.45,-23.91,542,536
POKEMONTRAINER_Yezera:Yezera#5,367,355,12,1254.77,1289.85,35.08,542,536
RICHBOY:Splitmoon,120,108,12,1984.44,2019.83,35.39,542,536
SAGE:Imay,495,507,-12,713.21,655.78,-57.43,542,536
SAGE:Takeshi,195,207,-12,1770.55,1721.35,-49.2,542,536
SAILOR2:Noah,384,396,-12,1225.5,1151.56,-73.94,542,536
TRAINER_Candy:Candy#1,20,8,12,2256.9,2290.08,33.18,542,536
CHALLENGER_Vanya:Vanya#6,256,245,11,1566.6,1598.88,32.28,542,536
CHEF:Gordon,232,243,-11,1636.19,1602.81,-33.38,540,536
DANDY:Charles,458,469,-11,880.12,819.05,-61.07,542,536
DANDY:Roger,191,202,-11,1786.05,1737.03,-49.02,542,536
HOOPSTER:Jerel,466,477,-11,849.48,787.47,-62.01,542,536
IDEALTRAINER:of Days,155,144,11,1872.57,1921.66,49.09,542,536
MASKEDVILLAIN2:Teal#19,130,119,11,1938.98,1991.45,52.47,542,536
MASKEDVILLAIN2:Teal#3,199,210,-11,1746.85,1708.81,-38.04,542,536
MASKEDVILLAIN:Crimson#19,121,110,11,1976.84,2012.3,35.46,542,536
MASKEDVILLAIN:Crimson#22,21,10,11,2254.21,2276.78,22.57,542,536
MASKEDVILLAIN:Crimson#4,250,239,11,1582.6,1615.29,32.69,542,536
REPORTER:Helga,473,462,11,825.06,859.1,34.04,542,536
REPORTER:Pesha,315,326,-11,1429.28,1381.84,-47.44,542,536
TOURISTM:Chus,2,13,-11,2373.38,2256.33,-117.05,542,536
WORKER2:Hugo,350,361,-11,1319.9,1265.55,-54.35,542,536
YOUNGSTER3:Sorin,485,474,11,769.33,805.57,36.24,542,536
CHALLENGER_Vanya:Vanya#1,477,467,10,814.2,821.15,6.95,542,536
CHALLENGER_Vanya:Vanya#7,218,228,-10,1682.2,1660.01,-22.19,542,536
ELDER:Logun,30,40,-10,2215.0,2152.72,-62.28,542,536
FORMERCHAMP_Scilla:Scilla,18,28,-10,2256.9,2188.27,-68.63,542,536
FORMERCHAMP_Vincent:Vincent,41,31,10,2173.77,2182.63,8.86,540,536
MASKEDVILLAIN:Crimson#5,242,232,10,1609.22,1644.09,34.87,541,536
MASKEDVILLAIN_DOUBLE:Crimson#13,51,41,10,2154.21,2152.66,-1.55,541,536
MEDIUM:Paula,277,287,-10,1532.3,1502.94,-29.36,542,536
POKEMONMASTER_Vanya:Vanya#7,177,187,-10,1819.72,1782.56,-37.16,541,536
POKEMONTRAINER_Vanya:Vanya#2,12,2,10,2292.16,2338.33,46.17,542,536
RICHBOY2:Theodore,509,499,10,657.7,682.11,24.41,542,536
ROUGHNECK:Randall,395,385,10,1171.88,1191.36,19.48,542,536
SAGE:Rennyo#1,410,400,10,1117.58,1143.44,25.86,542,536
TEACHER:Hilde,467,457,10,845.09,872.37,27.28,542,536
TOURISTF:Mariana,462,472,-10,864.72,810.07,-54.65,542,536
TRAINER_Sang:Sang#3,182,172,10,1802.7,1813.18,10.48,542,536
WILDPARTY_KOKO:of Conflict,229,219,10,1649.39,1687.32,37.93,542,536
ANOTHERPOSSIBLETAMARIND:Tamarind#1,63,54,9,2118.68,2120.64,1.96,541,536
CAMPER_F:Tanya,303,294,9,1476.89,1482.56,5.67,541,536
CEO:Beatrice,347,356,-9,1319.9,1287.76,-32.14,542,536
CRIMINALTEAM:Gianna and Rocco,197,206,-9,1765.75,1723.5,-42.25,541,536
DRAGONTAMER:Georgius#1,373,382,-9,1249.59,1199.16,-50.43,541,536
IDEALTRAINER:of Conquest,151,142,9,1876.58,1927.25,50.67,541,536
LEADER_Bence:Bence#2,42,51,-9,2172.0,2122.53,-49.47,542,536
LOST_RANGER_PURPLE:Farid,220,229,-9,1674.97,1658.94,-16.03,541,536
MASKEDVILLAIN2:Teal#18,137,146,-9,1912.8,1910.52,-2.28,542,536
POKEMONMASTER_Vanya:Vanya#17,71,62,9,2104.15,2108.29,4.14,542,536
POKEMONTRAINER_Vanya:Vanya#1,16,25,-9,2269.13,2221.43,-47.7,542,536
RUINMANIAC2:Bernard,257,266,-9,1566.1,1552.54,-13.56,542,536
SCHOOLKID_M:Louis,506,497,9,668.2,694.63,26.43,542,536
TAPU_LELE:Tapu Lele,91,82,9,2054.38,2075.69,21.31,542,536
TRAINER_Zain:Zain,334,325,9,1382.59,1390.77,8.18,541,536
WILDPARTY_LELE:of Life,150,159,-9,1879.79,1843.89,-35.9,542,536
ANCIENTPRIEST:Dobromil,298,306,-8,1484.3,1454.81,-29.49,541,536
BATTLEGIRL2:Yumei,356,348,8,1296.85,1316.26,19.41,542,536
BEAUTY2:Enisa,468,476,-8,836.29,787.47,-48.82,542,536
BLACKBELT:Santiago,301,293,8,1477.87,1485.17,7.3,542,536
GUITARIST3:Jamie,380,372,8,1229.22,1233.48,4.26,542,536
LASS2:Faye,375,383,-8,1240.73,1199.16,-41.57,541,536
LEADER_Rafael:Rafael,430,422,8,1014.54,1034.16,19.62,542,536
MASKEDVILLAIN:Crimson#6,258,250,8,1562.04,1584.95,22.91,542,536
MASKEDVILLAIN:Crimson#9,225,217,8,1653.94,1697.85,43.91,542,536
POKEKID:Braden,474,482,-8,823.06,771.63,-51.43,542,536
POKEMONRANGER_M:Ivan,452,460,-8,893.22,859.1,-34.12,542,536
ROUGHNECK:Reese,368,376,-8,1254.77,1228.17,-26.6,542,536
RUINMANIAC:Matteo,309,317,-8,1448.27,1413.91,-34.36,542,536
SCHOOLKID_GHOST:Honesty,335,327,8,1381.74,1381.84,0.1,542,536
TEENAGERM:Burke,297,305,-8,1487.61,1460.04,-27.57,542,536
TRAINER_Alessa:Alessa#6,13,21,-8,2278.1,2232.57,-45.53,542,536
TRAINER_Keoni:Keoni#1,370,378,-8,1254.77,1218.38,-36.39,542,536
WAITRESS:Carmilla,413,405,8,1115.57,1135.27,19.7,542,536
YOUNGSTER:Buzim,318,310,8,1414.5,1446.48,31.98,541,536
ARTIFICIALTRAINER:Doppel,240,247,-7,1612.83,1598.67,-14.16,518,532
BACKPACKER_M:Freedom,475,468,7,819.8,819.05,-0.75,541,536
BATTLEGIRL3:Amelia,248,255,-7,1587.19,1575.69,-11.5,542,536
BIRDKEEPER_M2:Bernhard,396,403,-7,1163.99,1138.27,-25.72,542,536
BURGLAR:Keith,397,404,-7,1163.99,1135.27,-28.72,542,536
COOLTRAINER_M3:Dada,108,115,-7,2022.4,1996.2,-26.2,542,536
CYCLIST_F:Anastasia,359,352,7,1286.4,1298.16,11.76,542,536
CYCLIST_M:Mitron,456,463,-7,884.49,857.01,-27.48,542,536
EXPERTM:Hiroshi,213,220,-7,1696.08,1681.94,-14.14,541,536
LADY3:Kristiane,381,388,-7,1227.69,1187.45,-40.24,542,536
LOST_RANGER_GREEN:Farid,233,240,-7,1631.82,1612.93,-18.89,542,536
MASKEDVILLAIN2_DOUBLE:Teal#13,44,37,7,2171.9,2168.12,-3.78,541,536
MASKEDVILLAIN:Crimson#11,207,200,7,1716.71,1742.87,26.16,542,536
POKEMANIAC:Paris,436,443,-7,980.09,916.42,-63.67,542,536
POKEMONRANGER_F2:Amahle,472,479,-7,827.48,787.47,-40.01,542,536
POKEMONRANGER_F:Val,437,444,-7,977.31,916.42,-60.89,541,536
SWIMMER_M:Stannis,401,394,7,1148.04,1163.64,15.6,542,536
TRAINER_Eifion:Eifion,447,440,7,910.65,947.15,36.5,542,536
WORKER:Kevin,480,473,7,800.86,805.57,4.71,542,536
BACKPACKER_F:Aiyana,460,454,6,877.08,872.37,-4.71,541,536
BEAUTY5:Esme,167,161,6,1840.75,1835.38,-5.37,542,536
BEAUTY:Kryssa,341,347,-6,1357.81,1317.1,-40.71,542,536
BLACKBELT3:Philip,483,489,-6,773.88,738.58,-35.3,542,536
CAMERAMAN:Marcel,417,423,-6,1078.22,1029.85,-48.37,542,536
CHALLENGER_Vanya:Vanya#5,294,300,-6,1504.34,1472.92,-31.42,542,536
CLERK_M2:Marton,469,475,-6,836.29,792.01,-44.28,542,536
CLERK_M2:Papper,113,107,6,2014.82,2019.83,5.01,542,536
COOLTRAINER_F7:Jade,441,435,6,942.57,973.39,30.82,541,536
ELDER:Huy,291,285,6,1506.7,1512.47,5.77,542,536
FAIRYTALEGIRL:Emmi,40,46,-6,2182.64,2143.67,-38.97,542,536
FIREBREATHER:Bradley,313,319,-6,1437.24,1411.07,-26.17,542,536
FORMERCHAMP_Chara:Chara,53,47,6,2149.12,2143.67,-5.45,542,536
HARLEQUIN:Vincenzi#1,387,393,-6,1199.06,1163.64,-35.42,542,536
JOGGER:Georgio,440,446,-6,949.77,907.63,-42.14,542,536
MAID:Wendy,215,221,-6,1692.87,1681.94,-10.93,542,536
MASKEDVILLAIN2:Teal#22,17,11,6,2265.0,2259.98,-5.02,542,536
MASKEDVILLAIN2:Teal#9,127,121,6,1948.41,1980.08,31.67,542,536
SCHOOLKID_F3:Dinah,292,298,-6,1506.7,1475.46,-31.24,542,536
SCHOOLKID_F4:Lucia,262,256,6,1555.19,1575.69,20.5,542,536
SCIENTIST_F3:Viola,415,409,6,1108.89,1122.93,14.04,540,536
SPIRITGUARDIAN3:Preeti,9,15,-6,2318.79,2251.92,-66.87,542,536
SWIMMER_F3:Bree,339,333,6,1375.86,1369.71,-6.15,542,536
TRAINER_Alessa:Alessa#2,342,336,6,1354.43,1357.31,2.88,540,536
WORKER5:Jbsundown,128,134,-6,1948.41,1940.38,-8.03,542,536
BEAUTY6:Brenda,306,311,-5,1455.37,1441.51,-13.86,542,536
BUTLER:Sagan,206,211,-5,1718.68,1708.28,-10.4,539,535
CLERK_F:Rosalie,337,342,-5,1378.81,1344.65,-34.16,542,536
COOLTRAINER_M7:Emir,280,275,5,1520.51,1529.14,8.63,541,536
DELINQUENT:Jeralyn,432,437,-5,1011.86,964.66,-47.2,541,536
GUITARIST3:Athena,246,251,-5,1589.49,1582.63,-6.86,542,536
GUITARIST3:Mai,470,465,5,831.89,832.45,0.56,542,536
HARLEQUIN:Vincenzi,516,511,5,613.38,630.47,17.09,542,536
HIKER2:Rhys,281,276,5,1520.28,1529.14,8.86,541,536
IDOL:Teagan,364,369,-5,1272.51,1240.93,-31.58,542,536
LEADER_Eko:Eko,476,471,5,818.63,810.07,-8.56,542,536
LEADER_Rafael:Rafael#1,406,401,5,1135.95,1139.36,3.41,542,536
LOST_RANGER_BLUE:Farid,247,242,5,1587.41,1605.77,18.36,541,536
MASKEDVILLAIN2:Teal#23,11,6,5,2295.14,2294.66,-0.48,542,536
MASKEDVILLAIN2_DOUBLE:Teal,146,151,-5,1890.55,1876.1,-14.45,540,536
MASKEDVILLAIN:Crimson#16,97,102,-5,2045.02,2034.88,-10.14,542,536
MASKEDVILLAIN_DOUBLE:Crimson#1,204,209,-5,1722.87,1712.25,-10.62,541,536
NURSE:Ellen,427,432,-5,1031.66,982.12,-49.54,542,536
PILOT:Kurtis,243,248,-5,1598.74,1589.58,-9.16,542,536
POKEMONMASTER_Vanya:Vanya#21,114,109,5,2011.14,2016.06,4.92,541,536
POKEMONMASTER_Vanya:Vanya#9,117,112,5,1993.31,2012.28,18.97,541,536
POKEMONRANGER_M2:Connor,461,456,5,867.01,872.37,5.36,542,536
POKEMONTRAINER_Yezera:Yezera#3,443,438,5,936.75,964.66,27.91,542,536
PUNKM:Vlad,349,354,-5,1319.9,1291.25,-28.65,542,536
SCHOOLKID_F:Arya,493,488,5,737.01,745.86,8.85,542,536
SCIENTIST_M:Julien,407,412,-5,1133.72,1106.34,-27.38,541,536
SOCIALITE:Elizabeth,511,516,-5,657.7,592.41,-65.29,542,536
VETERANM_2:Roy,239,234,5,1615.11,1641.64,26.53,542,536
WILDPARTY_FINI:of Hope,210,205,5,1703.77,1726.38,22.61,542,536
ARTIST2:Frank,325,329,-4,1404.65,1375.81,-28.84,542,536
BATTLEGIRL:Eliza,526,522,4,544.39,539.97,-4.42,542,536
BIRDKEEPER_M2:Vlasta,208,204,4,1716.23,1728.37,12.14,542,536
BLACKBELT2:Riccardo,276,272,4,1534.6,1531.5,-3.1,542,536
BURGLAR:Martino,135,139,-4,1916.83,1929.13,12.3,541,536
CHALLENGER_Vanya:Vanya#3,421,417,4,1048.69,1055.61,6.92,542,536
CHEF:Travis,508,504,4,657.7,661.15,3.45,542,536
CLERK_M2:Alejandro,435,431,4,984.41,986.48,2.07,542,536
CLOWN:Klemens,454,450,4,885.83,885.61,-0.22,541,536
COLLECTOR:Mirko,366,362,4,1269.32,1262.9,-6.42,542,536
COOLTRAINER_F7:Blaire,332,328,4,1385.57,1377.97,-7.6,542,536
DITTO_AROMALADY:Cindalice,424,428,-4,1035.92,999.54,-36.38,542,536
DITTO_HIKER:Kevinick,425,429,-4,1035.92,999.54,-36.38,542,536
GENTLEMAN:Nicholas,299,295,4,1481.84,1480.52,-1.32,541,536
IDEALTRAINER:of Origins,148,152,-4,1886.88,1872.86,-14.02,542,536
LASS:Tara,482,478,4,796.39,787.47,-8.92,542,536
LEADER_Samorn:Samorn,141,145,-4,1905.4,1914.22,8.82,542,536
LINEBACKER:Josh,500,496,4,693.6,697.35,3.75,542,536
MASKEDVILLAIN_DOUBLE:Crimson,227,231,-4,1650.9,1651.47,0.57,540,536
NINJABOY:Matthew,530,534,-4,501.56,455.81,-45.75,542,536
PARASOLLADY2:Antoinette,219,223,-4,1676.95,1676.75,-0.2,542,536
POKEFAN_M:Jamie,512,508,4,641.58,644.87,3.29,541,536
ROUGHNECK2:Robert,434,430,4,988.72,990.84,2.12,542,536
SAGE:Shion,422,418,4,1048.69,1055.61,6.92,542,536
SCIENTIST_F3:Nkechi,194,198,-4,1773.3,1745.82,-27.48,541,536
SUPERNERD:John,353,357,-4,1310.03,1280.74,-29.29,542,536
SUSPICIOUSMAN:Tommaso,226,230,-4,1651.44,1652.42,0.98,542,536
SWIMMER_F4:Yvonne,286,290,-4,1513.75,1497.9,-15.85,542,536
SWIMMER_F:Cosmina,263,267,-4,1555.19,1552.54,-2.65,542,536
SWIMMER_M4:Jan,369,373,-4,1254.77,1233.48,-21.29,542,536
TEENAGERF:Naomi,491,495,-4,741.69,712.24,-29.45,542,536
TOURISTM:Francois,198,194,4,1765.75,1753.61,-12.14,541,536
TRAINER_Eifion:Eifion#3,52,48,4,2150.75,2134.6,-16.15,542,536
TRAINER_Imogene_B:Imogene,479,483,-4,809.76,769.15,-40.61,542,536
TWINS2:Bella and Meghan,399,395,4,1154.12,1153.46,-0.66,542,536
YOUNGSTER2:Davor,287,291,-4,1513.75,1497.9,-15.85,542,536
AROMALADY:Cheshire,455,458,-3,884.49,867.95,-16.54,542,536
AROMALADY:Hannah,524,527,-3,551.13,503.66,-47.47,542,536
ARTIST3_GHOST:Alicynthia,326,323,3,1396.17,1404.23,8.06,542,536
BOARDER:Alex,444,441,3,928.05,925.21,-2.84,542,536
CAMPER_F:Veronica,372,375,-3,1251.17,1229.73,-21.44,542,536
CHALLENGER_Vanya:Vanya#8,100,103,-3,2037.5,2029.24,-8.26,542,536
CLERK_M2:Zoltan,442,445,-3,941.09,907.63,-33.46,542,536
CYCLIST_F2:Lukka,321,318,3,1407.44,1412.27,4.83,542,536
DITTO_CAMPER:Johnate,428,425,3,1023.11,1012.56,-10.55,542,536
GAMBLER:Gregor,501,498,3,688.61,692.32,3.71,542,536
GARDENER:Jacek,404,407,-3,1141.63,1129.05,-12.58,542,536
HIKER2:Jude,518,521,-3,589.53,546.88,-42.65,542,536
IDOL:Ishizu,481,484,-3,796.39,750.56,-45.83,542,536
LEADER_Zoe:Zoé#1,348,351,-3,1319.9,1308.41,-11.49,542,536
MAID2:Maddie,312,309,3,1439.86,1452.17,12.31,542,536
MASKEDVILLAIN2:Teal#8,156,153,3,1871.27,1870.45,-0.82,542,536
MASKEDVILLAIN2_DOUBLE:Teal#12,89,86,3,2054.74,2070.55,15.81,541,536
POKEMONBREEDER_M4:Isaac,363,366,-3,1274.79,1246.92,-27.87,542,536
POKEMONRANGER_M3:Grant,352,349,3,1310.03,1315.81,5.78,542,536
POKEMONRANGER_M:Alastar,261,264,-3,1555.19,1557.18,1.99,542,536
POKEMONTRAINER_Yezera:Yezera,507,510,-3,662.97,639.32,-23.65,542,536
POKEMONTRAINER_Yezera:Yezera#1,484,481,3,769.33,782.91,13.58,542,536
POKEMONTRAINER_Yezera:Yezera#2,464,461,3,858.25,859.1,0.85,542,536
SAGE:Rennyo,520,523,-3,577.1,539.97,-37.13,542,536
SCIENTIST_F:Marie,502,505,-3,683.57,661.15,-22.42,542,536
SCIENTIST_F:Zofia,374,371,3,1242.46,1234.93,-7.53,542,536
SWIMMER_M3:Diego,302,299,3,1477.87,1475.46,-2.41,542,536
TAPU_BULU:Tapu Bulu#1,37,34,3,2187.77,2178.6,-9.17,542,536
TRAINER_Alessa:Alessa#1,463,466,-3,863.06,823.52,-39.54,541,536
TUBER_M:Peter,533,530,3,494.0,480.36,-13.64,542,536
WILDPACK:Solar,173,176,-3,1821.63,1799.98,-21.65,542,536
WORKER:Bryn,405,408,-3,1139.99,1127.06,-12.93,542,536
ANCIENTPRIEST:Radzayac,251,249,2,1580.21,1587.26,7.05,542,536
BIKER:Knoxx,285,283,2,1513.75,1514.87,1.12,542,536
BIRDKEEPER_F:Amanda,457,455,2,882.49,872.37,-10.12,542,536
BLACKBELT:Leo,139,137,2,1909.1,1932.87,23.77,542,536
CHALLENGER_Vanya:Vanya,514,512,2,625.42,628.03,2.61,541,536
COLLECTOR:Emre,419,421,-2,1052.93,1034.16,-18.77,542,536
DOCTOR:Peio,385,387,-2,1222.81,1187.45,-35.36,542,536
DRAGONTAMER:Georgius,488,490,-2,755.6,726.82,-28.78,542,536
FIREBREATHER:Antonio,527,525,2,530.57,518.55,-12.02,542,536
GUITARIST:Reece,521,519,2,570.76,566.98,-3.78,542,536
HIKER:Dave,535,537,-2,462.42,429.92,-32.5,542,536
IDEALTRAINER:of Riches,138,140,-2,1911.25,1929.13,17.88,542,536
LEADER_Bence:Bence,409,411,-2,1127.83,1114.65,-13.18,542,536
LEADER_Helena:Helena#1,429,427,2,1018.83,1008.22,-10.61,542,536
LINEBACKER:Lorenzo,408,410,-2,1132.77,1120.4,-12.37,542,536
MASKEDVILLAIN2:Teal#6,186,188,-2,1797.51,1780.65,-16.86,541,536
MASKEDVILLAIN2_DOUBLE:Teal#1,118,120,-2,1987.77,1981.97,-5.8,540,536
MEDIUM:Theoni,489,487,2,750.98,745.86,-5.12,542,536
POKEFAN_F3:Margaret,438,436,2,967.11,973.39,6.28,542,536
POKEMONBREEDER_F4:Sara,320,322,-2,1410.22,1407.67,-2.55,542,536
PSYCHIC_F2:Ludmila,478,480,-2,809.76,787.47,-22.29,542,536
PSYCHIC_F3:Felicia,188,190,-2,1794.14,1774.35,-19.79,542,536
PSYCHIC_M:Uriel,522,520,2,570.76,560.38,-10.38,542,536
RICHBOY3:Ryan,295,297,-2,1498.4,1475.46,-22.94,542,536
RUINMANIAC:Colby,330,332,-2,1390.45,1369.71,-20.74,542,536
SAILOR:Konrad,414,416,-2,1111.46,1072.65,-38.81,542,536
SCHOOLKID_M2:Branimir,499,501,-2,698.56,671.73,-26.83,542,536
SCIENTIST_F:Natasha,431,433,-2,1014.54,982.12,-32.42,542,536
SHADOWMAVIS:Mavis#1,14,12,2,2277.55,2259.98,-17.57,542,536
SKIER_F2:Valeriya,445,447,-2,920.78,907.63,-13.15,541,536
TRAINER_Alessa:Alessa,496,494,2,713.21,717.13,3.92,542,536
TRAINER_Keoni:Keoni,498,500,-2,703.48,679.9,-23.58,542,536
TRAINER_Zain:Zain#1,311,313,-2,1441.06,1437.68,-3.38,541,536
WILDPACK:Frigid,170,168,2,1828.65,1816.84,-11.81,542,536
ARTIST4:Rabah,300,301,-1,1480.17,1467.8,-12.37,542,536
ARTIST:Arnold,357,358,-1,1296.63,1278.19,-18.44,542,536
ARTIST:Evan,525,526,-1,544.39,511.17,-33.22,542,536
BACKPACKER_F:Mia,336,335,1,1378.81,1360.91,-17.9,542,536
BAKER:Margerie,323,324,-1,1405.2,1401.77,-3.43,540,536
BAKER:Rose,505,506,-1,668.2,655.78,-12.42,542,536
BATTLEGIRL2:Juniper,235,236,-1,1629.41,1624.77,-4.64,542,536
BATTLEGIRL3:Kryska,412,413,-1,1115.99,1102.15,-13.84,541,536
BEAUTY4:Brunhilda,282,281,1,1518.41,1522.03,3.62,542,536
BOARDER:Lev,433,434,-1,1005.95,973.39,-32.56,542,536
BURGLAR:Barret,486,485,1,764.77,745.86,-18.91,542,536
CAMERAMAN2:Octavio,378,379,-1,1229.22,1214.69,-14.53,542,536
CAMPER:Liam,416,415,1,1103.2,1081.13,-22.07,542,536
CAMPER_M:Nick,268,269,-1,1541.48,1543.23,1.75,542,536
CHALLENGER_Vanya:Vanya#4,345,344,1,1326.39,1331.71,5.32,542,536
CLERK_F:Lily,494,493,1,722.82,717.13,-5.69,542,536
COOLTRAINER_F:Reina,308,307,1,1449.5,1454.81,5.31,542,536
COWGIRL:Sasha,390,391,-1,1187.5,1171.63,-15.87,542,536
DITTO_PROTRAINER:Xandevon,346,345,1,1326.39,1331.71,5.32,542,536
DRAGONTAMER:Arthur,223,224,-1,1669.17,1671.19,2.02,542,536
FAIRYTALEGIRL:Maja,487,486,1,764.77,745.86,-18.91,542,536
GENTLEMAN:Wilfrid,534,533,1,486.31,455.81,-30.5,542,536
GUITARIST2:Alan,379,380,-1,1229.22,1210.74,-18.48,542,536
HEXMANIAC_GHOST:Juno,338,339,-1,1378.81,1354.17,-24.64,542,536
LASS2:Sienna,537,536,1,454.17,447.34,-6.83,542,536
LEADER_Bence:Bence#3,56,57,-1,2143.65,2115.43,-28.22,542,536
LEADER_Lambert:Lambert,513,514,-1,630.48,604.6,-25.88,542,536
LEADER_Lambert:Lambert#1,503,502,1,678.49,666.47,-12.02,542,536
LEADER_Lambert:Lambert#3,57,58,-1,2136.52,2113.65,-22.87,542,536
MAID:Alice,490,491,-1,746.35,724.6,-21.75,542,536
MASKEDVILLAIN2:Teal#17,68,67,1,2111.4,2097.51,-13.89,542,536
MASKEDVILLAIN2:Teal#4,180,181,-1,1806.8,1792.13,-14.67,542,536
MASKEDVILLAIN:Crimson#10,217,216,1,1682.91,1697.85,14.94,542,536
MASKEDVILLAIN:Crimson#2,272,273,-1,1539.19,1531.5,-7.69,542,536
MASKEDVILLAIN:Crimson#23,5,4,1,2328.86,2317.58,-11.28,542,536
NURSERYAIDE:Francesca,391,392,-1,1187.5,1171.63,-15.87,542,536
POKEFAN_F2:Tsveta,471,470,1,827.48,814.57,-12.91,542,536
POKEMANIAC:Nikos,423,424,-1,1044.44,1029.85,-14.59,542,536
POKEMONMASTER_Vanya:Vanya#12,157,156,1,1865.41,1859.78,-5.63,542,536
POKEMONMASTER_Vanya:Vanya#15,131,130,1,1938.98,1944.14,5.16,542,536
POKEMONRANGER_M2:Martel,418,419,-1,1078.22,1054.95,-23.27,542,536
RUINMANIAC:Spencer,504,503,1,673.37,666.47,-6.9,542,536
SAILOR:Dom,181,182,-1,1805.22,1792.13,-13.09,542,536
SAILOR:Dylan,523,524,-1,557.77,532.94,-24.83,542,536
SCIENTIST_M2:Dexter,510,509,1,657.7,644.87,-12.83,542,536
SKIER_F:Natalia,362,363,-1,1279.02,1259.28,-19.74,541,536
SWIMMER_M2:Finn,398,399,-1,1160.02,1145.32,-14.7,542,536
TEENAGERM:Jonas,519,518,1,589.53,579.88,-9.65,542,536
TRAINER_Candy:Candy,358,359,-1,1286.93,1270.09,-16.84,541,536
TUBER_F2:Hana,316,315,1,1415.74,1430.64,14.9,542,536
VETERANM:Taro,234,235,-1,1631.82,1627.16,-4.66,542,536
VETERANM_2:Hadley,371,370,1,1254.77,1240.93,-13.84,542,536
YOUNGSTER:Harvey,536,535,1,462.42,455.81,-6.61,542,536
ANOTHERPOSSIBLERAFAEL:Rafael,1,1,0,2454.97,2446.36,-8.61,542,536
BEAUTY3:Ester,360,360,0,1283.01,1266.5,-16.51,540,536
BIKER2:Chuck,389,389,0,1195.22,1179.57,-15.65,542,536
BUGCATCHER_F:Caitlyn,532,532,0,494.26,455.81,-38.45,541,536
CHALLENGER_Vanya:Vanya#2,451,451,0,893.22,879.05,-14.17,542,536
COOLTRAINER_M7:Xander,492,492,0,737.33,721.99,-15.34,541,536
DANCER:Isai,515,515,0,613.38,592.41,-20.97,542,536
DITTO_RANGER:Hannamy,426,426,0,1031.66,1012.56,-19.1,542,536
GENTLEMAN3:D,304,304,0,1460.44,1465.23,4.79,542,536
GUITARIST2:Brady,420,420,0,1052.93,1052.79,-0.14,542,536
HEXMANIAC:Lichenprincess,162,162,0,1847.73,1831.95,-15.78,542,536
KIMONOGIRL:Haera,448,448,0,906.29,898.83,-7.46,542,536
LADY2:Rebecca,528,528,0,530.57,496.03,-34.54,542,536
LASS4:Chloe,517,517,0,613.38,579.88,-33.5,542,536
LEADER_Helena:Helena,439,439,0,958.45,947.15,-11.3,542,536
MASKEDVILLAIN:Crimson#17,72,72,0,2100.51,2090.27,-10.24,542,536
MASKEDVILLAIN:Crimson#7,241,241,0,1610.18,1608.23,-1.95,542,536
NINJABOY:Hwan,453,453,0,888.85,876.78,-12.07,542,536
PARASOLLADY:Clarissa,449,449,0,895.49,886.79,-8.7,542,536
PSYCHIC_M2:Rohan,402,402,0,1144.02,1139.36,-4.66,542,536
ROLLERSKATER_M:Lane Tester,529,529,0,523.5,496.03,-27.47,542,536
TUBER_F:Sophie,531,531,0,501.56,472.32,-29.24,542,536
WAITER:Aaron,74,74,0,2095.16,2090.27,-4.89,539,536
