trainer,rank_singles,rank_singles_cursed_excluded,rank_delta,rating_singles,rating_singles_cursed_excluded,rating_delta,battles_singles,battles_singles_cursed_excluded
HARLEQUIN:Minty,93,77,16,1935.86,2216.84,280.98,554,551
ARTIFICIALTRAINER:Solitaire,280,266,14,1383.36,1490.42,107.06,487,444
SUPERNERD:Agentbla,86,73,13,1961.93,2223.52,261.59,554,549
GAMBLER:Tiki,147,157,-10,1774.02,1985.02,211.0,554,528
LEADER_Helena:Helena#2,66,76,-10,2010.68,2217.92,207.24,554,521
MASKEDVILLAIN:Crimson#16,76,86,-10,1984.42,2197.6,213.18,554,489
ARCHFRIEND_Lainie:Lainie,83,92,-9,1967.42,2179.73,212.31,553,544
COOLTRAINER_M7:Nero,69,60,9,2008.8,2250.34,241.54,554,547
DRAGONTAMER:Arthur,186,195,-9,1638.16,1792.8,154.64,554,534
GARDENER:Larry,127,136,-9,1820.81,2038.38,217.57,554,520
JUGGLER:Brickbat,156,165,-9,1750.47,1953.88,203.41,553,544
MASKEDVILLAIN2:Teal#20,67,58,9,2009.48,2252.04,242.56,554,520
DANDY:Roger,155,147,8,1752.71,2009.29,256.58,554,521
LEADER_Victoire:Victoire,132,124,8,1807.19,2078.99,271.8,554,520
CHALLENGER_Vanya:Vanya#8,71,78,-7,2003.18,2215.67,212.49,554,505
COOLTRAINER_F7:Nyx,193,200,-7,1619.26,1768.77,149.51,554,538
IDEALTRAINER:of Beauty,84,91,-7,1962.21,2180.0,217.79,553,488
IDEALTRAINER:of Tradition,146,139,7,1774.7,2034.0,259.3,553,520
LADY4:Pria,157,164,-7,1747.88,1964.39,216.51,554,553
POKEMONRANGER_M:Zufaix,77,70,7,1983.28,2229.92,246.64,554,554
COLLECTOR:Mirko,321,315,6,1254.13,1225.1,-29.03,554,551
IDEALTRAINER:of Days,121,127,-6,1839.23,2069.37,230.14,554,520
JANITOR:Steeb,119,113,6,1842.66,2098.17,255.51,554,548
MASKEDVILLAIN:Crimson#20,63,57,6,2016.42,2256.49,240.07,553,504
MASKEDVILLAIN:Crimson#6,215,221,-6,1546.88,1683.88,137.0,554,520
NIGHTMAREQUEEN_Elise:Elise,27,33,-6,2158.85,2343.27,184.42,554,489
POKEMONRANGER_F_GANG:Amber,123,117,6,1832.43,2093.32,260.89,554,489
PROFESSOR_Tamarind:Tamarind,61,67,-6,2018.18,2233.64,215.46,554,505
TRAINER_Eifion:Eifion#1,73,79,-6,1995.72,2214.22,218.5,553,489
WILDPACK:Muggy,175,181,-6,1664.7,1866.55,201.85,553,520
ANOTHERPOSSIBLEZAIN:Zain,68,63,5,2009.04,2241.45,232.41,554,489
DRAGONTAMER_F:Zinnia,54,49,5,2051.73,2273.39,221.66,554,520
HEXMANIAC_1:Riptide#1,59,64,-5,2018.32,2238.93,220.61,553,520
LADY2:Eseria,12,17,-5,2224.75,2442.34,217.59,554,505
MASKEDVILLAIN:Crimson#18,114,119,-5,1851.1,2089.94,238.84,554,521
NINJABOY:Hwan,405,400,5,878.13,785.59,-92.54,554,551
POKEMONMASTER_Vanya:Vanya#16,115,120,-5,1851.09,2089.24,238.15,554,521
POKEMONMASTER_Vanya:Vanya#8,139,144,-5,1786.55,2017.81,231.26,554,507
POKEMONRANGER_F2:Amahle,426,421,5,813.58,697.71,-115.87,554,543
POKEMONTRAINER_Vanya:Vanya#1,16,11,5,2217.39,2480.01,262.62,554,521
SEEKER_Nora:Nora,160,155,5,1740.93,1988.07,247.14,554,489
TRAINER_Imogene_A:Imogene#1,60,65,-5,2018.32,2237.92,219.6,553,519
ARTIST3:Drawingbox,128,132,-4,1819.01,2051.11,232.1,554,534
BURGLAR:Keith,350,346,4,1149.15,1097.5,-51.65,554,534
BURGLAR:Martino,109,105,4,1860.47,2121.29,260.82,553,520
COOLTRAINER_M7:X,25,21,4,2176.4,2423.5,247.1,554,505
FORMERCHAMP_Praveen:Praveen,50,46,4,2057.37,2280.47,223.1,554,520
GENTLEMAN3:Oliver,316,320,-4,1260.7,1212.63,-48.07,554,522
LEADER_Zoe:Zoé,348,352,-4,1153.08,1077.06,-76.02,554,521
LOST_RANGER_GREEN:Farid,198,194,4,1598.54,1794.87,196.33,554,520
MASKEDVILLAIN2_DOUBLE:Teal#12,62,66,-4,2016.89,2236.32,219.43,553,488
MASKEDVILLAIN:Crimson#10,174,178,-4,1665.15,1881.58,216.43,554,489
MASKEDVILLAIN:Crimson#14,46,50,-4,2070.2,2273.19,202.99,554,489
NURSERYAIDE:Francesca,344,348,-4,1172.5,1095.6,-76.9,554,545
POKEFAN_F2:Tsveta,424,420,4,813.58,699.36,-114.22,554,544
POKEMONMASTER_Vanya:Vanya#19,104,108,-4,1884.76,2115.34,230.58,554,489
POKEMONRANGER_M2_GANG:Terrance,65,69,-4,2011.32,2230.99,219.67,554,507
POKEMONRANGER_M4_GANG:Micah,178,174,4,1662.16,1901.59,239.43,553,488
POKEMONTRAINER_Yezera:Yezera#10,179,175,4,1660.84,1889.26,228.42,553,488
PSYCHIC_M2:Rohan,355,359,-4,1129.36,1047.65,-81.71,554,520
RICHBOY4:Darlvon,94,98,-4,1922.87,2149.55,226.68,554,528
SCHOOLKID_GHOST:Honesty,290,286,4,1366.72,1385.81,19.09,554,520
SCIENTIST_M2:Dexter,459,455,4,650.99,434.57,-216.42,554,535
TAPU_FINI:Tapu Fini,57,61,-4,2033.13,2245.26,212.13,554,489
VETERANM_2:Hadley,326,322,4,1235.89,1194.89,-41.0,554,535
VETERANM_2:Kirbae,78,74,4,1981.08,2222.56,241.48,552,503
WILDPACK:Cosmic,165,161,4,1720.89,1969.1,248.21,554,489
YOUNGSTER2:Davor,245,241,4,1492.09,1606.17,114.08,554,489
ANCIENTPRIEST:Kazmilos,228,231,-3,1522.09,1652.87,130.78,554,489
ANOTHERPOSSIBLETAMARIND:Tamarind#1,48,51,-3,2062.97,2273.1,210.13,553,488
BACKERS_F:Maria and Iveta,185,182,3,1638.16,1862.33,224.17,554,489
BATTLEGIRL2:Yumei,310,307,3,1281.63,1257.7,-23.93,554,520
BATTLEGIRL:Tester,346,343,3,1164.62,1119.54,-45.08,535,478
BIRDKEEPER_F:Amanda,408,411,-3,871.88,748.13,-123.75,554,543
BIRDKEEPER_M2:Bernhard,352,349,3,1145.22,1081.94,-63.28,554,489
BOARDER:Lev,382,385,-3,997.32,902.28,-95.04,554,520
CHEF:Travis,456,459,-3,650.99,422.27,-228.72,554,544
CYCLIST_F:Anastasia,313,316,-3,1267.64,1221.25,-46.39,554,530
DELINQUENT:Jeralyn,385,382,3,994.7,916.2,-78.5,553,488
DITTO_AROMALADY:Cindalice,376,379,-3,1022.6,930.28,-92.32,554,521
DITTO_HIKER:Kevinick,377,380,-3,1022.6,927.98,-94.62,554,521
DITTO_RANGER:Hannamy,379,376,3,1018.4,935.13,-83.27,554,507
DRAGONTAMER:Bataar,232,229,3,1519.82,1656.29,136.47,554,505
FORMERCHAMP_Chara:Chara,40,43,-3,2108.64,2295.77,187.13,554,521
GARDENER:Jacek,359,356,3,1123.04,1053.25,-69.79,554,520
GUITARIST3:Envy,38,41,-3,2110.26,2310.19,199.93,554,521
GUITARIST3:Mai,421,424,-3,817.92,685.26,-132.66,554,540
IDEALTRAINER:of Conquest,118,115,3,1843.19,2097.14,253.95,553,520
KATY:Manycrows,41,38,3,2108.31,2325.03,216.72,553,520
LEADER_Eko:Eko,423,426,-3,813.58,679.21,-134.37,554,545
LEADER_Samorn:Samorn,105,102,3,1881.19,2128.59,247.4,554,521
LINEBACKER:Lorenzo,360,357,3,1119.88,1050.88,-69.0,554,489
MASKEDVILLAIN2:Teal#4,145,148,-3,1775.4,2008.72,233.32,554,520
MASKEDVILLAIN:Crimson#22,17,14,3,2212.66,2472.17,259.51,554,520
MASKEDVILLAIN_DOUBLE:Crimson,191,188,3,1625.85,1833.86,208.01,552,488
POKEMONMASTER_Vanya:Vanya#13,88,85,3,1956.55,2198.35,241.8,553,504
POKEMONMASTER_Vanya:Vanya#15,103,100,3,1884.76,2139.78,255.02,554,521
POKEMONMASTER_Vanya:Vanya#18,106,109,-3,1881.19,2112.97,231.78,554,507
POKEMONMASTER_Vanya:Vanya#6,135,138,-3,1796.12,2035.89,239.77,554,521
POKEMONTRAINER_Yezera:Yezera#6,162,159,3,1729.25,1983.4,254.15,554,489
PSYCHIC_F3:Felicia,149,152,-3,1766.52,1998.66,232.14,554,521
REPORTER:Helga,422,425,-3,815.55,680.87,-134.68,554,543
SAGE:Takeshi,163,160,3,1725.34,1979.4,254.06,554,489
SCIENTIST_M2:Marco,366,363,3,1098.91,1029.62,-69.29,554,546
SCIENTIST_M3:Gunter,194,191,3,1614.61,1819.3,204.69,554,489
SPIRITGUARDIAN2:Sonya,137,134,3,1791.29,2041.13,249.84,553,506
SWIMMER_F2:Astrid,218,215,3,1544.64,1699.78,155.14,554,521
SWIMMER_F4:Yvonne,242,239,3,1494.44,1610.56,116.12,554,505
SWIMMER_F:Cosmina,221,224,-3,1535.65,1680.15,144.5,554,489
SWIMMER_M:Stannis,356,353,3,1129.36,1060.27,-69.09,554,547
TAPU_KOKO:Tapu Koko,51,54,-3,2056.06,2259.15,203.09,554,505
TRAINER_Keoni:Keoni#2,100,97,3,1904.63,2150.2,245.57,554,520
TRAINER_Skyler:Skyler,91,94,-3,1950.73,2176.31,225.58,554,489
VANYAMOM:Vidya,222,219,3,1535.12,1685.27,150.15,554,520
WILDPARTY_BULU:of Abundance,136,133,3,1792.07,2043.04,250.97,553,506
WORKER5:Jbsundown,101,104,-3,1897.29,2124.88,227.59,554,520
ANOTHERPOSSIBLEALESSA:Alessa,14,16,-2,2217.39,2456.52,239.13,554,505
ARTIFICIALTRAINER:Doppel,203,201,2,1578.44,1766.53,188.09,531,470
ARTIFICIALTRAINER:Trinity,240,242,-2,1495.92,1605.08,109.16,551,518
ARTIST3:Frida,308,310,-2,1284.71,1246.27,-38.44,554,489
BACKPACKER_F:Mia,292,294,-2,1363.77,1366.9,3.13,554,489
BAKER:Margerie,278,280,-2,1387.66,1405.96,18.3,552,526
BAKER:Rose,454,456,-2,656.18,432.86,-223.32,554,532
BEAUTY5:Esme,133,131,2,1796.77,2052.32,255.55,554,489
BIKER:Knoxx,241,243,-2,1494.44,1603.62,109.18,554,520
BLACKBELT:Santiago,255,257,-2,1463.28,1541.11,77.83,554,521
BURGLAR:Devin,170,172,-2,1688.29,1911.26,222.97,554,505
CAMPER_F:Veronica,325,327,-2,1235.89,1184.25,-51.64,554,544
CHALLENGER_Vanya:Vanya#1,428,430,-2,804.89,655.77,-149.12,554,521
CHALLENGER_Vanya:Vanya#4,300,302,-2,1307.9,1279.73,-28.17,554,489
CHALLENGER_Vanya:Vanya#7,181,179,2,1655.19,1877.74,222.55,554,489
CLERK_M2:Marton,420,422,-2,822.25,693.94,-128.31,554,551
COOLTRAINERSQUAD_2:Shouta and Kaede,143,145,-2,1777.13,2017.14,240.01,554,521
COOLTRAINER_F7:Blaire,288,290,-2,1370.62,1375.13,4.51,554,530
COOLTRAINER_F7:Jade,392,394,-2,930.85,828.65,-102.2,553,543
CRIMINALTEAM:Gianna and Rocco,164,162,2,1724.44,1966.45,242.01,553,520
DANDY:Charles,411,409,2,865.28,760.25,-105.03,554,549
DELINQUENT:Lilypad,21,23,-2,2185.0,2398.0,213.0,554,520
ELDER:Huy,250,248,2,1485.01,1587.12,102.11,554,489
FAIRYTALEGIRL:Emmi,32,30,2,2142.45,2349.97,207.52,554,521
FORMERCHAMP_Casey:Casey,43,45,-2,2089.46,2283.7,194.24,553,505
FORMERCHAMP_Elise:Elise#1,13,15,-2,2218.29,2469.65,251.36,554,520
FORMERCHAMP_Vincent:Vincent,37,35,2,2122.87,2336.65,213.78,552,487
GAMBLER:IgnitedxSoul,112,114,-2,1854.59,2098.16,243.57,554,526
GARDENER:Bud,187,185,2,1635.11,1847.9,212.79,554,489
GUITARIST2:Brady,373,375,-2,1035.17,940.57,-94.6,554,521
GUITARIST3:Jamie,334,332,2,1214.01,1158.64,-55.37,554,545
HARLEQUIN:Regis,210,208,2,1564.61,1738.4,173.79,554,520
HEXMANIAC:Lichenprincess,130,128,2,1812.39,2064.76,252.37,554,553
IDEALTRAINER:of Brilliance,70,68,2,2006.93,2233.45,226.52,554,521
JOGGER:Georgio,394,392,2,929.38,837.2,-92.18,554,544
LASS2:Faye,328,326,2,1225.57,1185.73,-39.84,553,506
LASS:Tara,433,431,2,783.01,640.93,-142.08,554,535
LEADER_Lambert:Lambert#2,42,40,2,2097.65,2311.83,214.18,554,489
LEADER_Samorn:Samorn#2,22,24,-2,2179.2,2395.85,216.65,554,489
LINEBACKER:Josh,450,448,2,686.35,500.74,-185.61,554,542
MAID2:Maddie,269,271,-2,1419.85,1459.23,39.38,554,520
MASKEDVILLAIN2:Teal#22,15,13,2,2217.39,2478.74,261.35,554,489
MASKEDVILLAIN2:Teal#6,151,149,2,1762.45,2007.14,244.69,553,488
MASKEDVILLAIN_Sang:Silver,247,249,-2,1489.09,1584.92,95.83,553,488
NURSE:Ellen,380,378,2,1018.4,931.95,-86.45,554,535
PARASOLLADY:Clarissa,401,403,-2,884.63,778.15,-106.48,554,528
POKEFAN_F:Impi,338,336,2,1206.59,1151.59,-55.0,554,552
POKEKID:Braden,425,423,2,813.58,687.87,-125.71,554,541
POKEMONBREEDER_F:Miss Zesty,116,118,-2,1846.09,2090.7,244.61,554,505
POKEMONBREEDER_M2:Pechapanda,248,246,2,1487.62,1592.17,104.55,554,489
POKEMONCHAMPION_Vanya:Vanya,2,4,-2,2322.3,2583.32,261.02,554,507
POKEMONMASTER_Vanya:Vanya#10,108,106,2,1873.82,2120.44,246.62,554,520
POKEMONMASTER_Vanya:Vanya#14,97,99,-2,1911.86,2149.24,237.38,554,489
POKEMONMASTER_Vanya:Vanya#7,148,146,2,1767.01,2009.85,242.84,553,488
POKEMONMASTER_Vanya:Vanya#9,95,93,2,1922.56,2177.44,254.88,553,488
POKEMONRANGER_F2_GANG:Mina,99,101,-2,1910.04,2129.49,219.45,554,521
POKEMONRANGER_M3:Grant,306,308,-2,1291.42,1253.5,-37.92,554,521
POKEMONRANGER_M:Alastar,225,223,2,1530.73,1680.15,149.42,554,489
POKEMONRANGER_M:Ivan,403,405,-2,882.4,771.08,-111.32,554,525
POKEMONTRAINER_Yezera:Yezera#8,92,90,2,1941.93,2183.29,241.36,553,488
RICHBOY2:Theodore,458,460,-2,650.99,416.41,-234.58,554,537
RICHBOY:Splitmoon,90,88,2,1950.73,2188.83,238.1,554,557
ROUGHNECK2:Jaggedthorn,98,96,2,1910.1,2153.07,242.97,554,544
ROUGHNECK:Reese,323,325,-2,1239.48,1189.76,-49.72,554,530
RUINMANIAC2:Bernard,219,217,2,1541.85,1696.54,154.69,554,489
SCHOOLKID_F4:Lucia,223,225,-2,1533.4,1675.06,141.66,554,507
SCHOOLKID_F:Arya,441,443,-2,729.06,547.36,-181.7,554,538
SCHOOLKID_M2:Branimir,448,450,-2,691.23,495.86,-195.37,554,540
SCIENTIST_F3:Nkechi,158,156,2,1747.51,1987.2,239.69,553,504
SCIENTIST_F3:Viola,368,366,2,1094.7,1018.83,-75.87,552,533
SCIENTIST_F:LunaFlare,34,36,-2,2141.96,2336.09,194.13,553,548
SCIENTIST_M5:Sonatane,319,317,2,1257.21,1217.57,-39.64,554,507
SOCIALITE:Elizabeth,460,458,2,650.99,422.3,-228.69,554,531
SPIRITGUARDIAN4:Brigitte,33,31,2,2142.45,2349.18,206.73,554,489
SWIMMER_F3:Bree,295,293,2,1360.81,1369.6,8.79,554,521
TAPU_LELE:Tapu Lele,74,72,2,1991.77,2223.8,232.03,553,521
TOURISTM:Azeler,30,28,2,2147.92,2367.55,219.63,552,518
TOURISTM:Francois,161,163,-2,1735.85,1965.45,229.6,553,488
TRAINER_Eifion:Eifion#3,44,42,2,2088.52,2310.19,221.67,554,521
TUBER_M:Derek,342,344,-2,1180.61,1117.88,-62.73,554,505
VETERANM:Taro,195,193,2,1607.69,1799.94,192.25,554,521
VETERANM:Yoshihiro,224,222,2,1533.4,1683.05,149.65,554,521
VETERANM_3:Pearce,184,186,-2,1643.62,1847.26,203.64,553,520
VOLCANION:Volcanion,315,313,2,1264.18,1227.26,-36.92,554,489
WAITRESS2:Fanfan,64,62,2,2012.91,2245.07,232.16,554,489
WAITRESS3:Destiny,29,27,2,2153.1,2383.57,230.47,554,489
WAITRESS:Carmilla,365,367,-2,1101.19,1017.73,-83.46,554,545
WORKER3:Seamus,272,274,-2,1403.65,1430.69,27.04,554,489
WORKER:Bryn,358,360,-2,1125.37,1041.7,-83.67,554,549
WORKER:Kevin,431,433,-2,791.79,630.48,-161.31,554,541
YOUNGSTER:Buzim,274,276,-2,1394.15,1419.26,25.11,553,488
ANCIENTPRIEST:Chestibor,261,262,-1,1440.72,1502.95,62.23,554,520
ANCIENTPRIEST:Dobromil,256,255,1,1462.3,1541.48,79.18,553,504
ANCIENTPRIEST:Radzayac,211,212,-1,1557.94,1714.62,156.68,554,489
ANOTHERPOSSIBLEALESSA:Alessa#1,6,5,1,2271.27,2571.51,300.24,554,489
ANOTHERPOSSIBLETAMARIND:Tamarind,80,81,-1,1973.42,2207.51,234.09,553,520
ANOTHERPOSSIBLEZAIN:Zain#1,55,56,-1,2048.02,2256.53,208.51,554,521
AROMALADY:Cheshire,409,408,1,869.56,760.67,-108.89,554,534
AROMALADY:Hannah,473,474,-1,546.03,226.9,-319.13,554,536
ARTIST2:Frank,276,277,-1,1389.75,1411.01,21.26,554,489
ARTIST3_GHOST:Alicynthia,281,282,-1,1381.23,1391.37,10.14,554,489
ARTIST:Evan,474,473,1,539.39,233.64,-305.75,554,542
BATTLEGIRL3:Kryska,364,365,-1,1101.69,1023.78,-77.91,553,522
BEAUTY4:Brunhilda,239,240,-1,1496.78,1606.17,109.39,554,489
BEAUTY:Kryssa,296,297,-1,1339.6,1320.81,-18.79,554,521
BIKER2:Chuck,343,342,1,1180.17,1122.1,-58.07,554,529
BIRDKEEPER_M2:Vlasta,172,171,1,1679.02,1913.78,234.76,554,489
BLACKBELT2:Riccardo,233,234,-1,1515.26,1639.66,124.4,554,507
BLACKBELT3:Philip,434,435,-1,769.75,613.8,-155.95,554,529
BUGCATCHER2:Rangsan,212,211,1,1555.82,1715.57,159.75,554,489
BUGCATCHER_F:April,138,137,1,1789.72,2037.26,247.54,554,489
BUGCATCHER_F:Caitlyn,481,482,-1,490.11,130.06,-360.05,553,543
BURGLAR:Barret,437,436,1,756.35,597.67,-158.68,554,489
CAMERAMAN2:Octavio,332,333,-1,1214.01,1156.61,-57.4,554,489
CAMERAMAN:Marcel,370,371,-1,1064.29,975.88,-88.41,554,546
CAMPER_F:Tanya,257,256,1,1462.3,1541.16,78.86,553,488
CEO:Beatrice,302,301,1,1304.64,1283.02,-21.62,554,534
CHALLENGER_Vanya:Vanya,462,463,-1,624.76,360.0,-264.76,553,520
CHALLENGER_Vanya:Vanya#3,375,374,1,1030.99,953.32,-77.67,554,507
CHALLENGER_Vanya:Vanya#5,249,250,-1,1487.38,1583.33,95.95,554,520
CHALLENGER_Vanya:Vanya#6,217,218,-1,1544.64,1695.51,150.87,554,520
CLERK_F:Rosalie,293,292,1,1363.77,1369.6,5.83,554,521
CLERK_M2:Papper,85,84,1,1961.93,2200.32,238.39,554,535
CLOWN:Klemens,406,407,-1,875.19,761.71,-113.48,553,533
COOLTRAINER_F7:Milja,282,281,1,1381.23,1402.71,21.48,554,521
COOLTRAINER_F:Reina,266,267,-1,1432.18,1478.24,46.06,554,489
COOLTRAINER_M3:Dada,82,83,-1,1967.47,2201.47,234.0,554,519
COOLTRAINER_M7:Emir,236,235,1,1507.94,1636.76,128.82,553,534
COOLTRAINER_M7:Xander,443,442,1,724.77,557.91,-166.86,553,544
CYCLIST_F2:Lukka,277,278,-1,1389.75,1409.54,19.79,554,507
CYCLIST_M:Mitron,407,406,1,873.84,769.88,-103.96,554,536
DANCER:Isai,464,465,-1,613.01,341.57,-271.44,554,544
DITTO_PROTRAINER:Xandevon,301,300,1,1307.9,1284.53,-23.37,554,489
DOCTOR:Peio,336,337,-1,1207.67,1149.36,-58.31,554,522
DOCTOR:Renaldo,231,232,-1,1521.68,1647.93,126.25,554,520
DRAGONTAMER:Georgius,438,439,-1,738.24,570.1,-168.14,554,549
DRAGONTAMER:Georgius#1,327,328,-1,1227.01,1181.37,-45.64,553,531
DRAGONTAMER_F:Bella,120,121,-1,1841.76,2088.98,247.22,550,485
FAIRYTALEGIRL:Madeline,154,153,1,1752.73,1996.01,243.28,554,520
FAIRYTALEGIRL:Maja,436,437,-1,760.83,585.03,-175.8,554,548
FIREBREATHER:Bradley,268,269,-1,1422.51,1465.17,42.66,554,489
FORMERCHAMP_Ansel:Ansel,4,3,1,2305.94,2611.88,305.94,554,521
FORMERCHAMP_Elise:Elise,7,8,-1,2266.2,2535.11,268.91,554,505
FORMERCHAMP_Scilla:Scilla,11,12,-1,2224.75,2478.74,253.99,554,489
GENTLEMAN3:D,262,261,1,1440.72,1510.35,69.63,554,520
GUITARIST2:Alan,333,334,-1,1214.01,1155.07,-58.94,554,534
HARLEQUIN:Vincenzi#1,341,340,1,1183.99,1128.64,-55.35,554,544
HEXMANIAC:Errata,3,2,1,2310.56,2613.32,302.76,554,507
HEXMANIAC_GHOST:Juno,294,295,-1,1360.81,1362.63,1.82,554,505
HIKER2:Rhys,243,244,-1,1493.66,1596.62,102.96,553,506
IDEALTRAINER:of Colors,131,130,1,1809.72,2052.38,242.66,553,506
IDEALTRAINER:of Freedom,72,71,1,1997.58,2228.41,230.83,553,488
IDEALTRAINER:of Origins,117,116,1,1845.28,2095.82,250.54,554,489
IDOL:Teagan,318,319,-1,1257.21,1212.9,-44.31,554,507
JANITOR:Eric,340,341,-1,1192.1,1127.26,-64.84,553,521
JUGGLER:Youcef,267,268,-1,1431.65,1476.2,44.55,553,520
KILLU:Killu,53,52,1,2054.11,2264.12,210.01,553,488
KIMONOGIRL:Haera,400,401,-1,890.96,780.86,-110.1,554,539
LASS2:Sienna,488,489,-1,450.73,65.55,-385.18,554,538
LASS4:Chloe,465,464,1,607.33,355.42,-251.91,554,544
LASS:Rovina,286,287,-1,1373.29,1383.71,10.42,554,505
LEADER_Bence:Bence,362,361,1,1109.29,1039.08,-70.21,554,507
LEADER_Bence:Bence#2,36,37,-1,2128.2,2334.7,206.5,554,505
LEADER_Lambert:Lambert,463,462,1,624.18,382.61,-241.57,554,541
LEADER_Noel:Noel,244,245,-1,1492.09,1595.28,103.19,554,521
LEADER_Rafael:Rafael,383,384,-1,997.32,904.51,-92.81,554,543
LOST_RANGER_BLUE:Farid,208,209,-1,1567.19,1731.86,164.67,553,488
LOST_RANGER_PURPLE:Farid,182,183,-1,1650.94,1859.02,208.08,553,519
MAID:Alice,439,438,1,738.24,572.41,-165.83,554,532
MASKEDVILLAIN2:Teal#10,81,82,-1,1973.16,2204.01,230.85,554,521
MASKEDVILLAIN2:Teal#14,45,44,1,2073.88,2285.97,212.09,554,489
MASKEDVILLAIN2_DOUBLE:Teal,113,112,1,1853.27,2098.84,245.57,552,519
MASKEDVILLAIN:Crimson#2,229,228,1,1522.09,1656.55,134.46,554,521
MASKEDVILLAIN:Crimson#4,209,210,-1,1566.94,1729.63,162.69,554,505
MASKEDVILLAIN:Crimson#8,200,199,1,1593.99,1783.07,189.08,554,489
MASKEDVILLAIN_DOUBLE:Crimson#12,58,59,-1,2024.47,2251.91,227.44,553,519
MEDIUM:Izumi,171,170,1,1680.46,1924.31,243.85,554,521
MEDIUM:Paula,235,236,-1,1510.67,1633.65,122.98,554,505
NIGHTMARE_TRAINER:Agony,234,233,1,1512.97,1644.17,131.2,554,521
NINJABOY:Matthew,479,480,-1,497.27,154.26,-343.01,554,545
ODDISH:Oddium,23,22,1,2177.9,2415.07,237.17,554,489
PARASOLLADY2:Antoinette,183,184,-1,1647.83,1856.03,208.2,554,521
PILOT:Charlie,237,238,-1,1503.75,1612.03,108.28,554,541
POKEMANIAC:Nikos,378,377,1,1022.6,934.87,-87.73,554,549
POKEMONBREEDER_M4:Isaac,317,318,-1,1259.44,1216.3,-43.14,554,489
POKEMONMASTER_Vanya:Vanya,153,154,-1,1759.43,1994.49,235.06,553,519
POKEMONMASTER_Vanya:Vanya#11,102,103,-1,1890.29,2127.18,236.89,554,520
POKEMONMASTER_Vanya:Vanya#17,52,53,-1,2055.44,2260.93,205.49,554,489
POKEMONMASTER_Vanya:Vanya#20,142,141,1,1779.3,2028.8,249.5,552,518
POKEMONMASTER_Vanya:Vanya#3,96,95,1,1917.42,2173.33,255.91,554,505
POKEMONMASTER_Vanya:Vanya#4,159,158,1,1746.8,1984.28,237.48,554,489
POKEMONMASTER_Vanya:Vanya#5,31,32,-1,2147.87,2348.57,200.7,554,521
POKEMONRANGER_M2:Connor,414,415,-1,852.41,732.91,-119.5,554,545
POKEMONRANGER_M2:Martel,371,370,1,1064.29,988.07,-76.22,554,489
POKEMONTRAINER_Vanya:Vanya,5,6,-1,2277.74,2567.68,289.94,554,489
POKEMONTRAINER_Yezera:Yezera#2,415,414,1,848.11,738.13,-109.98,554,539
POKEMONTRAINER_Yezera:Yezera#4,354,355,-1,1133.34,1057.42,-75.92,554,544
PSYCHIC_F2:Ludmila,429,428,1,800.54,661.38,-139.16,554,536
PSYCHIC_M3:Boban,357,358,-1,1125.37,1048.11,-77.26,554,550
PUNKM:ValourDyke,49,48,1,2059.22,2277.3,218.08,553,488
PUNKM:Vlad,303,304,-1,1301.36,1274.94,-26.42,554,489
REPORTER:Pesha,271,272,-1,1411.81,1451.97,40.16,554,520
ROUGHNECK:Randall,349,350,-1,1153.08,1079.34,-73.74,554,530
RUINMANIAC:Colby,287,288,-1,1372.57,1380.17,7.6,554,507
SAGE:Imay,447,446,1,700.88,512.89,-187.99,554,541
SAGE:Rennyo#1,363,364,-1,1103.18,1027.85,-75.33,554,553
SAGE:Shion,374,373,1,1035.17,954.47,-80.7,554,489
SAILOR:Dom,152,151,1,1761.58,1999.9,238.32,554,521
SAILOR:Konrad,367,368,-1,1097.13,1015.71,-81.42,554,545
SCHOOLKID_F3:Dinah,246,247,-1,1489.74,1589.1,99.36,554,507
SCHOOLKID_M:Louis,455,454,1,656.18,435.99,-220.19,554,541
SCIENTIST_F:Natasha,384,383,1,997.32,905.95,-91.37,554,545
SCIENTIST_M4:Jacob,190,189,1,1626.63,1832.31,205.68,554,489
SCIENTIST_M:Julien,361,362,-1,1119.16,1035.47,-83.69,553,527
SHADOWMAVIS:Mavis,124,123,1,1830.49,2079.56,249.07,554,520
SKIER_F:Natalia,320,321,-1,1256.88,1210.23,-46.65,553,504
SMASHER:Stella,337,338,-1,1207.12,1148.11,-59.01,553,526
SPIRITGUARDIAN3:Preeti,8,7,1,2263.15,2551.66,288.51,554,521
SUPERNERD:John,307,306,1,1291.42,1260.81,-30.61,554,521
SUSPICIOUSMAN:Tommaso,189,190,-1,1628.65,1831.15,202.5,554,489
SWIMMER_M4:Jan,322,323,-1,1243.06,1194.18,-48.88,554,489
TEENAGERF:Naomi,442,441,1,729.06,560.66,-168.4,554,545
TESTTRAINERTYPE:Test Trainer,489,488,1,442.49,67.79,-374.7,554,489
TOURISTM:Calvin,134,135,-1,1796.22,2040.43,244.21,554,507
TRAINER_Alessa:Alessa#2,297,296,1,1339.56,1325.56,-14.0,552,503
TRAINER_Alessa:Alessa#3,28,29,-1,2158.77,2359.77,201.0,554,489
TRAINER_Imogene_A:Imogene,446,447,-1,701.7,512.03,-189.67,553,488
TRAINER_Imogene_B:Imogene,430,429,1,800.54,660.91,-139.63,554,520
TRAINER_Sang:Sang#2,166,167,-1,1718.09,1951.11,233.02,554,521
TRAINER_Sang:Sang#4,79,80,-1,1980.48,2211.41,230.93,552,487
TRAINER_Zain:Zain#2,24,25,-1,2177.9,2391.99,214.09,554,520
TUBER_F:Sophie,480,479,1,497.27,158.24,-339.03,554,533
TUBER_M:Peter,482,481,1,489.84,141.22,-348.62,554,534
TWINS2:Bella and Meghan,353,354,-1,1135.38,1058.04,-77.34,554,532
ULTRALAINIE:Lainie,35,34,1,2138.9,2341.6,202.7,554,524
VANYADAD:Avram,238,237,1,1501.44,1620.33,118.89,554,489
VETERANM_2:Roy,201,202,-1,1593.99,1757.23,163.24,554,546
VETERAN_F:Emily,199,198,1,1598.54,1785.77,187.23,554,507
VETERAN_F:Genevieve,397,398,-1,908.05,798.13,-109.92,554,526
WAITER:Aaron,56,55,1,2038.8,2258.92,220.12,551,518
WILDPACK:Arid,202,203,-1,1580.45,1749.86,169.41,554,489
WILDPACK:Frigid,141,142,-1,1781.69,2023.77,242.08,554,507
WILDPACK:Lunar,167,166,1,1701.9,1953.22,251.32,554,521
WILDPACK:Solar,144,143,1,1776.57,2023.2,246.63,554,489
WILDPARTY_KOKO:of Conflict,188,187,1,1631.41,1839.89,208.48,554,489
WORKER2:Hugo,304,303,1,1298.06,1278.86,-19.2,554,507
YOUNGSTER3:Sorin,435,434,1,765.3,621.9,-143.4,554,534
YOUNGSTER:Joey,398,397,1,908.05,801.73,-106.32,554,532
ABSOL:Absol,485,485,0,466.78,92.96,-373.82,554,521
AROMALADY3:Henrietta,275,275,0,1389.75,1423.47,33.72,554,520
ARTIST4:Rabah,258,258,0,1460.55,1537.81,77.26,554,505
ARTIST:Arnold,311,311,0,1281.33,1246.27,-35.06,554,489
BACKERS_M:Yanko and Orlando,285,285,0,1374.92,1387.25,12.33,553,520
BACKPACKER_F:Aiyana,410,410,0,866.6,756.86,-109.74,553,525
BACKPACKER_M:Freedom,427,427,0,806.04,678.87,-127.17,553,525
BATTLEGIRL2:Juniper,197,197,0,1598.54,1790.59,192.05,554,521
BATTLEGIRL3:Amelia,207,207,0,1569.24,1741.39,172.15,554,489
BATTLEGIRL:Eliza,475,475,0,539.39,226.36,-313.03,554,543
BEAUTY2:Enisa,419,419,0,826.57,709.49,-117.08,554,539
BEAUTY3:Ester,314,314,0,1264.44,1226.92,-37.52,552,519
BEAUTY6:Brenda,263,263,0,1435.58,1494.71,59.13,554,489
BEAUTY:Gretchen,347,347,0,1160.88,1096.63,-64.25,554,555
BIRDKEEPER_F:Danika,129,129,0,1813.78,2059.45,245.67,554,520
BIRDKEEPER_M:Kendall,305,305,0,1294.75,1266.25,-28.5,554,521
BLACKBELT:Kai,253,253,0,1475.44,1566.32,90.88,554,520
BLACKBELT:Leo,107,107,0,1874.07,2118.45,244.38,554,521
BOARDER:Alex,395,395,0,912.31,809.61,-102.7,554,524
BUGCATCHER_F:Lovina,416,416,0,839.51,723.62,-115.89,554,535
BUTLER:Sagan,169,169,0,1691.99,1928.27,236.28,551,486
CAMPER:Christian,402,402,0,883.77,779.09,-104.68,553,547
CAMPER:Liam,369,369,0,1084.88,1006.55,-78.33,554,521
CAMPER_M:Nick,227,227,0,1524.36,1659.31,134.95,554,520
CHALLENGER_Vanya:Vanya#2,404,404,0,878.13,775.55,-102.58,554,489
CHEF:Gordon,192,192,0,1621.39,1813.53,192.14,552,487
CLERK_F:Lily,444,444,0,715.1,541.46,-173.64,554,544
CLERK_M2:Alejandro,387,387,0,971.92,880.89,-91.03,554,547
CLERK_M2:Zoltan,393,393,0,929.38,833.31,-96.07,554,528
CLERK_M:Scott,214,214,0,1547.66,1704.37,156.71,553,488
CLOWN:Dimesmart,331,331,0,1217.69,1170.67,-47.02,554,489
COLLECTOR:Emre,372,372,0,1035.17,961.27,-73.9,554,505
COOLTRAINER_F3:Leah,309,309,0,1283.21,1247.36,-35.85,554,505
COWGIRL:Sasha,345,345,0,1168.64,1109.9,-58.74,554,489
DANDY:Jules,270,270,0,1415.67,1461.75,46.08,553,520
DITTO_CAMPER:Johnate,381,381,0,1009.98,925.11,-84.87,554,489
DRAGONTAMER2:Abraham,173,173,0,1670.21,1904.51,234.3,554,489
ELDER:Logun,26,26,0,2170.81,2386.76,215.95,554,527
EXPERTF:Kimiko,150,150,0,1764.58,2006.55,241.97,554,489
EXPERTM:Hiroshi,180,180,0,1660.74,1876.91,216.17,553,506
FIREBREATHER:Antonio,476,476,0,525.8,222.13,-303.67,554,534
GAMBLER:Gregor,451,451,0,676.47,483.24,-193.23,554,542
GENTLEMAN:Nicholas,260,260,0,1457.31,1526.43,69.12,553,488
GENTLEMAN:Wilfrid,483,483,0,482.28,127.44,-354.84,554,541
GUITARIST3:Athena,205,205,0,1571.48,1744.46,172.98,554,521
GUITARIST:Reece,470,470,0,565.35,284.89,-280.46,554,544
HARLEQUIN:Vincenzi,466,466,0,601.57,334.03,-267.54,554,535
HEXMANIAC_1:Riptide,299,299,0,1330.26,1308.88,-21.38,554,521
HIKER2:Jude,467,467,0,583.83,305.66,-278.17,554,539
HIKER:Dave,486,486,0,458.82,84.33,-374.49,554,534
HIKER:Valrex,75,75,0,1986.09,2219.18,233.09,553,508
HOOPSTER:Jerel,417,417,0,839.51,710.77,-128.74,554,547
IDEALTRAINER:of Riches,111,111,0,1855.1,2102.54,247.44,554,489
IDOL:Ishizu,432,432,0,783.01,631.7,-151.31,554,530
IRISCOSPLAYER:Isabelle,140,140,0,1786.31,2033.7,247.39,554,532
JUGGLER:Mikael,298,298,0,1331.02,1314.76,-16.26,553,488
KIMONOGIRL:Chiyo,230,230,0,1521.82,1655.18,133.36,553,520
LADY2:Rebecca,477,477,0,525.8,203.2,-322.6,554,540
LADY3:Kristiane,335,335,0,1212.46,1153.12,-59.34,554,544
LASS3:Carmen,283,283,0,1378.36,1391.37,13.01,554,489
LEADER_Eko:Eko#2,20,20,0,2192.13,2424.8,232.67,554,521
LEADER_Helena:Helena,391,391,0,937.9,846.79,-91.11,554,537
MAID:Wendy,176,176,0,1662.65,1884.96,222.31,554,505
MASKEDVILLAIN2:Teal#16,87,87,0,1958.2,2190.09,231.89,554,521
MASKEDVILLAIN2:Teal#18,110,110,0,1856.48,2108.31,251.83,554,505
MASKEDVILLAIN2:Teal#2,168,168,0,1697.49,1945.22,247.73,554,505
MASKEDVILLAIN2:Teal#8,126,126,0,1824.57,2072.94,248.37,554,489
MEDIUM:Theoni,440,440,0,738.24,562.02,-176.22,554,536
NIGHTMARE_TRAINER:Torment,206,206,0,1571.48,1744.46,172.98,554,521
NURSE:Joy,490,490,0,416.91,-6.03,-422.94,554,545
OFFICEWORKER_M:Kurt,265,265,0,1432.99,1493.47,60.48,554,521
PILOT:Kurtis,204,204,0,1578.21,1749.29,171.08,554,520
POKEFAN_F3:Margaret,390,390,0,954.92,864.06,-90.86,554,489
POKEFAN_M:Jamie,461,461,0,635.13,390.74,-244.39,553,533
POKEMANIAC:Paris,388,388,0,967.67,877.02,-90.65,554,505
POKEMONBREEDER_F4:Sara,279,279,0,1386.92,1407.49,20.57,554,521
POKEMONMASTER_Vanya:Vanya#1,47,47,0,2068.55,2280.32,211.77,554,489
POKEMONMASTER_Vanya:Vanya#12,125,125,0,1829.05,2078.49,249.44,554,489
POKEMONMASTER_Vanya:Vanya#21,89,89,0,1954.74,2187.68,232.94,553,520
POKEMONRANGER_F:Val,389,389,0,964.97,867.62,-97.35,553,531
POKEMONTRAINER_Vanya:Vanya#2,9,9,0,2244.48,2514.72,270.24,554,521
POKEMONTRAINER_Vanya:Vanya#3,18,18,0,2210.11,2442.21,232.1,554,489
POKEMONTRAINER_Yezera:Yezera,457,457,0,650.99,428.61,-222.38,554,535
PSYCHIC_M:Uriel,471,471,0,565.35,278.77,-286.58,554,534
RICHBOY3:Ryan,252,252,0,1482.76,1576.56,93.8,554,521
RICHCOUPLE:Diana and Edward,196,196,0,1598.96,1790.69,191.73,553,488
ROLLERSKATER_M:Lane Tester,478,478,0,518.84,191.91,-326.93,554,536
ROUGHNECK2:Flavio,329,329,0,1221.36,1176.43,-44.93,554,547
ROUGHNECK2:Robert,386,386,0,976.16,885.05,-91.11,554,521
RUINMANIAC2:Nabil,251,251,0,1485.01,1582.33,97.32,554,489
RUINMANIAC:Matteo,264,264,0,1433.69,1494.32,60.63,554,521
RUINMANIAC:Spencer,453,453,0,661.33,441.8,-219.53,554,534
SAGE:Rennyo,469,469,0,571.6,292.72,-278.88,554,524
SAILOR2:Angelo,213,213,0,1555.44,1708.05,152.61,554,521
SAILOR2:Noah,339,339,0,1202.86,1144.61,-58.25,554,520
SAILOR:Dylan,472,472,0,552.56,255.61,-296.95,554,540
SCHOOLKID_M3:Jeremy,484,484,0,482.28,116.1,-366.18,554,520
SCIENTIST_F:Marie,452,452,0,676.47,468.17,-208.3,554,539
SCIENTIST_F:Zofia,330,330,0,1219.85,1174.0,-45.85,554,489
SKIER_F2:Valeriya,396,396,0,909.47,805.12,-104.35,553,520
SWIMMER_F5:Shreya,226,226,0,1528.89,1671.13,142.24,554,489
SWIMMER_F6:Kiana,220,220,0,1537.89,1684.62,146.73,554,520
SWIMMER_M2:Finn,351,351,0,1149.15,1077.81,-71.34,554,521
SWIMMER_M3:Diego,259,259,0,1458.34,1534.25,75.91,554,505
TAPU_BULU:Tapu Bulu,39,39,0,2110.26,2323.18,212.92,554,489
TEACHER:Hilde,418,418,0,830.89,709.83,-121.06,554,533
TEENAGERM:Burke,254,254,0,1468.17,1553.38,85.21,554,489
TEENAGERM:Jonas,468,468,0,583.83,298.51,-285.32,554,537
TOURISTF:Mariana,412,412,0,854.46,745.44,-109.02,554,536
TOURISTM:Chus,1,1,0,2339.98,2647.02,307.04,554,521
TRAINER_Alessa:Alessa,445,445,0,710.39,514.83,-195.56,554,521
TRAINER_Alessa:Alessa#1,413,413,0,852.87,739.64,-113.23,553,488
TRAINER_Alessa:Alessa#5,216,216,0,1546.88,1698.0,151.12,554,489
TRAINER_Alessa:Alessa#6,10,10,0,2237.64,2492.17,254.53,554,507
TRAINER_Candy:Candy,312,312,0,1271.7,1228.28,-43.42,553,488
TRAINER_Candy:Candy#1,19,19,0,2195.7,2442.21,246.51,554,489
TRAINER_Eifion:Eifion,399,399,0,895.23,792.93,-102.3,554,489
TRAINER_Keoni:Keoni,449,449,0,691.23,497.75,-193.48,554,507
TRAINER_Keoni:Keoni#1,324,324,0,1239.48,1194.18,-45.3,554,489
TRAINER_Zain:Zain,289,289,0,1367.62,1378.25,10.63,553,488
TUBER_F2:Hana,273,273,0,1400.89,1430.69,29.8,554,489
WILDPARTY_FINI:of Hope,177,177,0,1662.65,1884.35,221.7,554,521
WILDPARTY_LELE:of Life,122,122,0,1835.83,2083.97,248.14,554,521
WORKER3:Bruce,291,291,0,1366.72,1371.8,5.08,554,520
WORKER6:Paul,284,284,0,1375.47,1390.49,15.02,554,520
YOUNGSTER:Harvey,487,487,0,458.82,78.45,-380.37,554,544
