rank,trainer,rating,tier,se,ci_low,ci_high,overlap,wins,losses,draws,battles
1,TOURISTM:Azeler,2545.71,S+,39.86,2467.59,2623.83,5,463,18,2,483
2,POKEMONTRAINER_Vanya:Vanya#2,2529.33,S+,38.64,2453.6,2605.06,7,462,20,1,483
3,ODDISH:Oddium,2505.63,S+,37.05,2433.01,2578.26,11,460,23,0,483
4,TRAINER_Candy:Candy#1,2505.63,S+,37.05,2433.01,2578.26,11,460,23,0,483
5,MASKEDVILLAIN:Crimson#22,2480.47,S+,35.71,2410.48,2550.45,13,457,26,0,483
6,POKEMONTRAINER_Vanya:Vanya#3,2480.47,S+,35.71,2410.48,2550.45,13,457,26,0,483
7,TOURISTM:Chus,2467.22,S+,35.28,2398.07,2536.36,17,454,27,2,483
8,VETERANM_2:Kirbae,2456.83,S+,34.56,2389.09,2524.57,16,454,29,0,483
9,SPIRITGUARDIAN3:Preeti,2441.87,S+,33.89,2375.44,2508.29,18,452,31,0,483
10,HEXMANIAC:Errata,2434.62,S+,33.58,2368.79,2500.44,16,451,32,0,483
11,MASKEDVILLAIN2:Teal#22,2434.62,S+,33.58,2368.79,2500.44,16,451,32,0,483
12,WAITRESS3:Destiny,2433.7,S+,33.67,2367.71,2499.68,16,449,32,2,483
13,TRAINER_Alessa:Alessa#6,2420.57,S+,33.01,2355.87,2485.27,16,449,34,0,483
14,SCIENTIST_F:LunaFlare,2418.96,S+,33.06,2354.17,2483.75,16,448,34,1,483
15,POKEMONCHAMPION_Vanya:Vanya,2407.12,S+,32.49,2343.43,2470.81,17,447,36,0,483
16,POKEMONTRAINER_Vanya:Vanya#1,2402.71,S+,32.44,2339.13,2466.29,17,446,36,1,483
17,NIGHTMAREQUEEN_Elise:Elise,2400.61,S+,32.26,2337.39,2463.83,17,446,37,0,483
18,PUNKM:ValourDyke,2400.61,S+,32.26,2337.39,2463.83,17,446,37,0,483
19,ULTRALAINIE:Lainie,2400.61,S+,32.26,2337.39,2463.83,17,446,37,0,483
20,FORMERCHAMP_Elise:Elise#1,2388.16,S+,31.83,2325.78,2450.54,18,443,39,1,483
21,FORMERCHAMP_Elise:Elise,2385.94,S+,31.85,2323.51,2448.37,18,443,39,1,483
22,POKEMONRANGER_M:Zufaix,2352.42,S+,30.79,2292.06,2412.77,21,437,45,1,483
23,FORMERCHAMP_Vincent:Vincent,2351.23,S+,30.81,2290.84,2411.62,21,436,45,2,483
24,ANOTHERPOSSIBLEALESSA:Alessa#1,2348.46,S+,30.59,2288.5,2408.41,23,437,46,0,483
25,TAPU_BULU:Tapu Bulu,2343.34,S+,30.45,2283.66,2403.02,24,436,47,0,483
26,POKEMONTRAINER_Vanya:Vanya,2328.73,S+,30.06,2269.8,2387.66,25,433,50,0,483
27,FORMERCHAMP_Scilla:Scilla,2328.39,S+,30.08,2269.44,2387.35,25,432,50,1,483
28,LADY2:Eseria,2323.45,S+,29.98,2264.69,2382.2,28,431,51,1,483
29,ANOTHERPOSSIBLEALESSA:Alessa,2315.16,S,29.73,2256.88,2373.44,32,430,53,0,483
30,COOLTRAINER_M7:X,2314.22,S,29.79,2255.84,2372.6,32,429,53,1,483
31,FORMERCHAMP_Praveen:Praveen,2310.85,S,29.63,2252.77,2368.94,34,429,54,0,483
32,TAPU_KOKO:Tapu Koko,2307.99,S,29.66,2249.87,2366.12,34,428,54,1,483
33,ELDER:Logun,2305.41,S,29.74,2247.12,2363.7,37,426,54,3,483
34,FORMERCHAMP_Chara:Chara,2302.53,S,29.45,2244.81,2360.25,41,427,56,0,483
35,FAIRYTALEGIRL:Emmi,2298.5,S,29.36,2240.95,2356.05,46,426,57,0,483
36,LEADER_Samorn:Samorn#2,2296.82,S,29.47,2239.06,2354.58,47,425,56,2,483
37,KILLU:Killu,2290.69,S,29.2,2233.45,2347.92,45,424,59,0,483
38,TRAINER_Sang:Sang#4,2290.69,S,29.2,2233.45,2347.92,45,424,59,0,483
39,IDEALTRAINER:of Freedom,2285.68,S,29.16,2228.54,2342.83,46,422,60,1,483
40,FORMERCHAMP_Ansel:Ansel,2285.63,S,29.18,2228.44,2342.82,46,422,60,1,483
41,LEADER_Bence:Bence#2,2283.17,S,29.05,2226.23,2340.11,46,422,61,0,483
42,TRAINER_Zain:Zain#2,2282.85,S,29.05,2225.9,2339.8,46,421,61,1,483
43,POKEMONMASTER_Vanya:Vanya#19,2281.46,S,29.1,2224.42,2338.5,48,421,61,1,483
44,KATY:Manycrows,2279.51,S,28.98,2222.71,2336.31,49,421,62,0,483
45,TRAINER_Eifion:Eifion#3,2275.9,S,28.91,2219.23,2332.57,51,420,63,0,483
46,ANOTHERPOSSIBLETAMARIND:Tamarind#1,2273.08,S,28.93,2216.37,2329.78,53,419,63,1,483
47,IDEALTRAINER:of Brilliance,2266.99,S,28.83,2210.48,2323.51,51,417,65,1,483
48,DELINQUENT:Lilypad,2265.38,S,28.72,2209.08,2321.68,51,417,66,0,483
49,HIKER:Valrex,2265.38,S,28.72,2209.08,2321.68,51,417,66,0,483
50,WAITER:Aaron,2265.38,S,28.72,2209.08,2321.68,51,417,66,0,483
51,POKEMONMASTER_Vanya:Vanya#17,2261.95,S,28.66,2205.77,2318.14,51,416,67,0,483
52,POKEMONMASTER_Vanya:Vanya#18,2261.95,S,28.66,2205.77,2318.14,51,416,67,0,483
53,LEADER_Eko:Eko#2,2258.56,S,28.61,2202.49,2314.63,54,415,68,0,483
54,PROFESSOR_Tamarind:Tamarind,2257.01,S,28.65,2200.85,2313.18,53,414,68,1,483
55,SUPERNERD:Agentbla,2255.19,S,28.55,2199.23,2311.15,53,414,69,0,483
56,ARCHFRIEND_Lainie:Lainie,2253.6,S,28.6,2197.54,2309.66,53,413,69,1,483
57,POKEMONTRAINER_Yezera:Yezera#8,2248.52,S,28.45,2192.76,2304.27,54,412,71,0,483
58,TAPU_LELE:Tapu Lele,2248.52,S,28.45,2192.76,2304.27,54,412,71,0,483
59,TRAINER_Skyler:Skyler,2248.52,S,28.45,2192.76,2304.27,54,412,71,0,483
60,LEADER_Helena:Helena#2,2246.86,S,28.5,2191.0,2302.72,57,411,71,1,483
61,RICHBOY4:Darlvon,2246.86,S,28.5,2191.0,2302.72,57,411,71,1,483
62,ANOTHERPOSSIBLETAMARIND:Tamarind,2245.2,S,28.4,2189.54,2300.86,56,411,72,0,483
63,GUITARIST3:Envy,2245.2,S,28.4,2189.54,2300.86,56,411,72,0,483
64,WAITRESS2:Fanfan,2242.92,S,28.43,2187.19,2298.65,56,410,72,1,483
65,LEADER_Lambert:Lambert#2,2241.89,S,28.35,2186.33,2297.45,55,410,73,0,483
66,MASKEDVILLAIN2:Teal#16,2241.89,S,28.35,2186.33,2297.45,55,410,73,0,483
67,SPIRITGUARDIAN4:Brigitte,2241.89,S,28.35,2186.33,2297.45,55,410,73,0,483
68,TRAINER_Keoni:Keoni#2,2241.89,S,28.35,2186.33,2297.45,55,410,73,0,483
69,POKEMONMASTER_Vanya:Vanya#14,2240.12,S,28.39,2184.48,2295.76,54,409,73,1,483
70,HARLEQUIN:Minty,2235.29,S,28.25,2179.92,2290.66,54,408,75,0,483
71,MASKEDVILLAIN2:Teal#10,2228.68,S,28.16,2173.49,2283.87,53,406,77,0,483
72,POKEMONMASTER_Vanya:Vanya#3,2228.68,S,28.16,2173.49,2283.87,53,406,77,0,483
73,JANITOR:Steeb,2225.36,S,28.12,2170.26,2280.47,50,405,78,0,483
74,MASKEDVILLAIN2_DOUBLE:Teal#12,2224.91,S,28.23,2169.57,2280.25,50,404,77,2,483
75,POKEMONMASTER_Vanya:Vanya#5,2223.66,S,28.17,2168.44,2278.87,49,404,78,1,483
76,MASKEDVILLAIN:Crimson#16,2222.03,S,28.07,2167.01,2277.06,49,404,79,0,483
77,CHALLENGER_Vanya:Vanya#8,2219.66,S,28.1,2164.59,2274.72,50,403,79,1,483
78,MASKEDVILLAIN2:Teal#14,2218.69,S,28.03,2163.75,2273.63,50,403,80,0,483
79,TRAINER_Alessa:Alessa#3,2218.69,S,28.03,2163.75,2273.63,50,403,80,0,483
80,MASKEDVILLAIN:Crimson#14,2209.62,S,27.97,2154.8,2264.44,46,400,82,1,483
81,DRAGONTAMER_F:Zinnia,2205.13,S,27.87,2150.5,2259.75,47,399,84,0,483
82,MASKEDVILLAIN_DOUBLE:Crimson#12,2205.13,S,27.87,2150.5,2259.75,47,399,84,0,483
83,TRAINER_Imogene_A:Imogene#1,2205.13,S,27.87,2150.5,2259.75,47,399,84,0,483
84,ROUGHNECK2:Jaggedthorn,2202.88,S,27.91,2148.17,2257.59,46,398,84,1,483
85,POKEMONMASTER_Vanya:Vanya#11,2198.21,S,27.8,2143.73,2252.69,44,397,86,0,483
86,POKEMONMASTER_Vanya:Vanya#1,2195.88,S,27.81,2141.37,2250.39,46,396,86,1,483
87,CLERK_M2:Papper,2194.71,S,27.76,2140.3,2249.11,46,396,87,0,483
88,ANOTHERPOSSIBLEZAIN:Zain#1,2192.93,S,27.81,2138.42,2247.44,46,395,87,1,483
89,POKEMONMASTER_Vanya:Vanya#21,2191.18,S,27.72,2136.84,2245.52,45,395,88,0,483
90,POKEMONMASTER_Vanya:Vanya#9,2191.18,S,27.72,2136.84,2245.52,45,395,88,0,483
91,RICHBOY:Splitmoon,2191.18,S,27.72,2136.84,2245.52,45,395,88,0,483
92,POKEMONMASTER_Vanya:Vanya#10,2184.03,S,27.66,2129.83,2238.24,40,393,90,0,483
93,DRAGONTAMER_F:Bella,2180.42,S,27.62,2126.28,2234.56,40,392,91,0,483
94,TRAINER_Eifion:Eifion#1,2176.77,S,27.59,2122.69,2230.84,40,391,92,0,483
95,COOLTRAINER_M3:Dada,2166.51,S,27.67,2112.28,2220.74,38,387,93,3,483
96,COOLTRAINER_M7:Nero,2165.64,S,27.5,2111.75,2219.54,37,388,95,0,483
97,POKEMONRANGER_M2_GANG:Terrance,2161.87,S,27.47,2108.03,2215.71,38,387,96,0,483
98,IDEALTRAINER:of Beauty,2154.24,S,27.42,2100.51,2207.98,37,385,98,0,483
99,FORMERCHAMP_Casey:Casey,2152.29,S,27.44,2098.52,2206.07,37,384,98,1,483
100,HEXMANIAC_1:Riptide#1,2151.54,S,27.45,2097.73,2205.35,37,384,98,1,483
101,BURGLAR:Martino,2146.5,S,27.36,2092.87,2200.13,34,383,100,0,483
102,POKEMONMASTER_Vanya:Vanya#15,2142.59,S,27.34,2089.0,2196.17,34,382,101,0,483
103,TAPU_FINI:Tapu Fini,2142.17,S,27.44,2088.39,2195.96,34,381,100,2,483
104,ANOTHERPOSSIBLEZAIN:Zain,2138.65,S,27.32,2085.1,2192.19,34,381,102,0,483
105,MASKEDVILLAIN:Crimson#18,2138.65,S,27.32,2085.1,2192.19,34,381,102,0,483
106,POKEMONMASTER_Vanya:Vanya#8,2138.65,S,27.32,2085.1,2192.19,34,381,102,0,483
107,GAMBLER:IgnitedxSoul,2137.13,S,27.37,2083.48,2190.77,31,380,102,1,483
108,POKEMONMASTER_Vanya:Vanya#16,2134.68,S,27.3,2081.18,2188.18,31,380,103,0,483
109,IDEALTRAINER:of Riches,2130.69,S,27.27,2077.23,2184.14,32,379,104,0,483
110,WILDPACK:Cosmic,2130.69,S,27.27,2077.23,2184.14,32,379,104,0,483
111,WORKER5:Jbsundown,2126.67,S,27.25,2073.25,2180.09,30,378,105,0,483
112,BLACKBELT:Leo,2122.63,S,27.23,2069.25,2176.01,30,377,106,0,483
113,LEADER_Samorn:Samorn,2122.63,S,27.23,2069.25,2176.01,30,377,106,0,483
114,IDEALTRAINER:of Conquest,2121.18,S,27.29,2067.69,2174.67,30,376,106,1,483
115,IDEALTRAINER:of Days,2114.49,S,27.2,2061.18,2167.8,31,375,108,0,483
116,JUGGLER:Brickbat,2110.39,S,27.18,2057.11,2163.67,29,374,109,0,483
117,MASKEDVILLAIN2:Teal#18,2110.39,S,27.18,2057.11,2163.67,29,374,109,0,483
118,POKEMONMASTER_Vanya:Vanya#13,2110.39,S,27.18,2057.11,2163.67,29,374,109,0,483
119,POKEMONMASTER_Vanya:Vanya#6,2093.81,A+,27.13,2040.64,2146.98,28,370,113,0,483
120,POKEMONMASTER_Vanya:Vanya#4,2089.63,A+,27.12,2036.48,2142.78,28,369,114,0,483
121,IDEALTRAINER:of Origins,2087.57,A+,27.29,2034.08,2141.06,27,367,113,3,483
122,MASKEDVILLAIN2:Teal#8,2085.43,A+,27.11,2032.3,2138.56,24,368,115,0,483
123,POKEMONBREEDER_F:Miss Zesty,2085.43,A+,27.11,2032.3,2138.56,24,368,115,0,483
124,MASKEDVILLAIN2_DOUBLE:Teal,2078.7,A+,27.15,2025.48,2131.93,26,366,116,1,483
125,POKEMONMASTER_Vanya:Vanya#12,2072.79,A+,27.08,2019.71,2125.87,23,365,118,0,483
126,SPIRITGUARDIAN2:Sonya,2064.32,A+,27.07,2011.26,2117.38,23,363,120,0,483
127,WILDPACK:Lunar,2055.84,A+,27.06,2002.79,2108.88,22,361,122,0,483
128,IDEALTRAINER:of Tradition,2054.51,A+,27.11,2001.38,2107.64,22,360,122,1,483
129,WILDPARTY_LELE:of Life,2047.34,A+,27.06,1994.31,2100.37,28,359,124,0,483
130,HEXMANIAC:Lichenprincess,2038.84,A+,27.06,1985.81,2091.87,30,357,126,0,483
131,GAMBLER:Tiki,2034.59,A+,27.06,1981.56,2087.63,31,356,127,0,483
132,POKEMONMASTER_Vanya:Vanya,2028.58,A+,27.12,1975.42,2081.75,31,354,128,1,483
133,MASKEDVILLAIN:Crimson#20,2028.07,A+,27.12,1974.91,2081.22,31,354,128,1,483
134,BEAUTY5:Esme,2026.11,A+,27.06,1973.07,2079.15,31,354,129,0,483
135,LADY4:Pria,2026.11,A+,27.06,1973.07,2079.15,31,354,129,0,483
136,MASKEDVILLAIN2:Teal#20,2017.65,A+,27.07,1964.6,2070.7,31,352,131,0,483
137,COOLTRAINERSQUAD_2:Shouta and Kaede,2013.43,A+,27.07,1960.37,2066.49,31,351,132,0,483
138,BURGLAR:Devin,2012.08,A+,27.11,1958.94,2065.21,32,350,132,1,483
139,POKEMONTRAINER_Yezera:Yezera#10,2009.21,A+,27.08,1956.15,2062.28,31,350,133,0,483
140,SHADOWMAVIS:Mavis,2009.21,A+,27.08,1956.15,2062.28,31,350,133,0,483
141,TRAINER_Sang:Sang#2,2008.18,A+,27.12,1955.02,2061.34,31,349,133,1,483
142,ARTIST3:Drawingbox,2000.82,A+,27.09,1947.72,2053.91,30,348,135,0,483
143,MASKEDVILLAIN2:Teal#4,2000.82,A+,27.09,1947.72,2053.91,30,348,135,0,483
144,WILDPACK:Solar,1999.39,A+,27.12,1946.23,2052.55,30,347,135,1,483
145,WILDPACK:Frigid,1996.63,A+,27.09,1943.52,2049.74,31,347,136,0,483
146,WILDPACK:Muggy,1996.63,A+,27.09,1943.52,2049.74,31,347,136,0,483
147,SCIENTIST_M4:Jacob,1995.11,A+,27.12,1941.94,2048.27,31,346,136,1,483
148,DRAGONTAMER2:Abraham,1992.46,A+,27.1,1939.34,2045.58,30,346,137,0,483
149,SAILOR:Dom,1992.46,A+,27.1,1939.34,2045.58,30,346,137,0,483
150,POKEMONTRAINER_Yezera:Yezera#6,1988.3,A+,27.11,1935.16,2041.43,30,345,138,0,483
151,IRISCOSPLAYER:Isabelle,1984.15,A+,27.12,1930.99,2037.3,33,344,139,0,483
152,GARDENER:Larry,1982.68,A+,27.21,1929.34,2036.02,33,342,139,2,483
153,PSYCHIC_F3:Felicia,1978.9,A+,27.17,1925.64,2032.16,33,342,140,1,483
154,MASKEDVILLAIN2:Teal#6,1978.76,A+,27.18,1925.48,2032.05,33,342,140,1,483
155,POKEMONMASTER_Vanya:Vanya#7,1975.89,A+,27.14,1922.7,2029.08,33,342,141,0,483
156,WILDPARTY_BULU:of Abundance,1971.78,A+,27.15,1918.57,2024.99,31,341,142,0,483
157,IDEALTRAINER:of Colors,1969.0,A+,27.26,1915.57,2022.43,33,339,142,2,483
158,BUGCATCHER_F:April,1959.55,A,27.18,1906.27,2012.82,33,338,145,0,483
159,EXPERTF:Kimiko,1951.47,A,27.2,1898.15,2004.79,30,336,147,0,483
160,TOURISTM:Francois,1945.65,A,27.29,1892.16,1999.14,28,334,148,1,483
161,POKEMONMASTER_Vanya:Vanya#20,1935.07,A,27.31,1881.54,1988.6,28,331,151,0,482
162,HARLEQUIN:Regis,1933.65,A,27.28,1880.18,1987.11,27,331,151,1,483
163,POKEMONRANGER_F2_GANG:Mina,1931.56,A,27.27,1878.11,1985.01,28,331,152,0,483
164,SCIENTIST_F3:Nkechi,1931.56,A,27.27,1878.11,1985.01,28,331,152,0,483
165,TOURISTM:Calvin,1928.11,A,27.32,1874.56,1981.66,26,329,153,1,483
166,WILDPARTY_FINI:of Hope,1922.4,A,27.35,1868.79,1976.01,26,328,154,1,483
167,BIRDKEEPER_F:Danika,1919.82,A,27.31,1866.28,1973.35,25,328,155,0,483
168,POKEMONRANGER_M4_GANG:Micah,1917.99,A,27.38,1864.32,1971.66,24,327,155,1,483
169,BIRDKEEPER_M2:Vlasta,1915.93,A,27.33,1862.37,1969.5,24,327,156,0,483
170,DANDY:Roger,1913.16,A,27.45,1859.36,1966.95,23,325,156,2,483
171,SAGE:Takeshi,1908.22,A,27.36,1854.59,1961.84,24,325,158,0,483
172,WILDPACK:Arid,1904.38,A,27.37,1850.73,1958.04,25,324,159,0,483
173,BUTLER:Sagan,1892.54,A,27.48,1838.67,1946.4,27,320,162,0,482
174,SEEKER_Nora:Nora,1891.27,A,27.48,1837.41,1945.14,26,320,162,1,483
175,LEADER_Victoire:Victoire,1889.18,A,27.44,1835.4,1942.96,28,320,163,0,483
176,CRIMINALTEAM:Gianna and Rocco,1887.66,A,27.48,1833.79,1941.53,28,319,163,1,483
177,COOLTRAINER_F7:Nyx,1881.66,A,27.47,1827.82,1935.5,30,318,165,0,483
178,FAIRYTALEGIRL:Madeline,1881.66,A,27.47,1827.82,1935.5,30,318,165,0,483
179,SCIENTIST_M3:Gunter,1879.57,A,27.55,1825.57,1933.57,28,317,165,1,483
180,RICHCOUPLE:Diana and Edward,1869.59,A,27.58,1815.54,1923.65,27,313,168,2,483
181,WILDPARTY_KOKO:of Conflict,1869.2,A,27.6,1815.11,1923.3,27,314,168,1,483
182,EXPERTM:Hiroshi,1859.34,A-,27.57,1805.3,1913.39,23,312,171,0,483
183,MAID:Wendy,1851.96,A-,27.61,1797.85,1906.08,22,310,173,0,483
184,MASKEDVILLAIN:Crimson#10,1851.96,A-,27.61,1797.85,1906.08,22,310,173,0,483
185,DRAGONTAMER:Arthur,1848.28,A-,27.63,1794.13,1902.43,22,309,174,0,483
186,PARASOLLADY2:Antoinette,1848.28,A-,27.63,1794.13,1902.43,22,309,174,0,483
187,CHALLENGER_Vanya:Vanya#7,1839.82,A-,27.78,1785.37,1894.26,23,305,176,2,483
188,MASKEDVILLAIN2:Teal#2,1837.25,A-,27.68,1782.99,1891.5,23,306,177,0,483
189,MASKEDVILLAIN:Crimson#8,1837.25,A-,27.68,1782.99,1891.5,23,306,177,0,483
190,LOST_RANGER_PURPLE:Farid,1833.57,A-,27.7,1779.28,1887.86,21,305,178,0,483
191,POKEMONRANGER_F_GANG:Amber,1829.89,A-,27.72,1775.57,1884.22,20,304,179,0,483
192,MASKEDVILLAIN_DOUBLE:Crimson,1822.53,A-,27.75,1768.13,1876.92,20,302,181,0,483
193,VANYAMOM:Vidya,1818.84,A-,27.77,1764.41,1873.27,21,301,182,0,483
194,SUSPICIOUSMAN:Tommaso,1805.29,A-,27.91,1750.58,1859.99,20,297,185,1,483
195,VETERANM_2:Roy,1796.55,A-,27.88,1741.9,1851.21,22,295,188,0,483
196,VETERANM:Taro,1789.04,A-,27.92,1734.31,1843.77,20,293,190,0,483
197,MEDIUM:Izumi,1785.26,A-,27.94,1730.49,1840.03,20,292,191,0,483
198,BATTLEGIRL2:Juniper,1773.83,A-,28.0,1718.94,1828.71,18,289,194,0,483
199,LOST_RANGER_GREEN:Farid,1773.83,A-,28.0,1718.94,1828.71,18,289,194,0,483
200,GARDENER:Bud,1770.65,A-,28.07,1715.64,1825.66,19,288,194,1,483
201,MASKEDVILLAIN:Crimson#4,1766.12,A-,28.04,1711.16,1821.08,19,287,196,0,483
202,LOST_RANGER_BLUE:Farid,1754.45,B+,28.16,1699.25,1809.65,22,283,199,1,483
203,CHEF:Gordon,1750.45,B+,28.12,1695.33,1805.57,23,283,200,0,483
204,DRAGONTAMER:Bataar,1750.45,B+,28.12,1695.33,1805.57,23,283,200,0,483
205,BACKERS_F:Maria and Iveta,1746.48,B+,28.14,1691.32,1801.64,23,282,201,0,483
206,CHALLENGER_Vanya:Vanya#6,1746.48,B+,28.14,1691.32,1801.64,23,282,201,0,483
207,ARTIFICIALTRAINER:Doppel,1742.76,B+,28.36,1687.18,1798.35,23,280,200,0,480
208,GUITARIST3:Athena,1726.27,B+,28.25,1670.91,1781.64,22,277,206,0,483
209,ANCIENTPRIEST:Radzayac,1722.16,B+,28.27,1666.75,1777.56,24,276,207,0,483
210,PILOT:Kurtis,1722.16,B+,28.27,1666.75,1777.56,24,276,207,0,483
211,MASKEDVILLAIN_Sang:Silver,1718.02,B+,28.29,1662.57,1773.46,22,275,208,0,483
212,MASKEDVILLAIN:Crimson#6,1713.85,B+,28.31,1658.36,1769.34,24,274,209,0,483
213,NIGHTMARE_TRAINER:Torment,1705.71,B+,28.4,1650.05,1761.37,24,272,210,1,483
214,BATTLEGIRL3:Amelia,1705.44,B+,28.35,1649.87,1761.02,24,272,211,0,483
215,SCHOOLKID_F4:Lucia,1705.44,B+,28.35,1649.87,1761.02,24,272,211,0,483
216,VETERAN_F:Emily,1705.44,B+,28.35,1649.87,1761.02,24,272,211,0,483
217,VETERANM_3:Pearce,1696.93,B+,28.4,1641.27,1752.59,25,270,213,0,483
218,HEXMANIAC_1:Riptide,1692.89,B+,28.43,1637.17,1748.61,24,269,213,1,483
219,VANYADAD:Avram,1679.43,B+,28.49,1623.6,1735.27,24,265,217,1,483
220,NIGHTMARE_TRAINER:Agony,1675.2,B+,28.51,1619.33,1731.08,27,265,218,0,483
221,POKEMONRANGER_M:Alastar,1670.78,B+,28.53,1614.86,1726.7,29,264,219,0,483
222,RUINMANIAC2:Bernard,1670.78,B+,28.53,1614.86,1726.7,29,264,219,0,483
223,BUGCATCHER2:Rangsan,1662.01,B+,28.58,1606.0,1718.03,27,262,220,1,483
224,BLACKBELT:Kai,1661.87,B+,28.58,1605.86,1717.88,26,262,221,0,483
225,SWIMMER_F:Cosmina,1661.87,B+,28.58,1605.86,1717.88,26,262,221,0,483
226,LEADER_Noel:Noel,1657.38,B+,28.6,1601.33,1713.43,27,261,222,0,483
227,ARTIFICIALTRAINER:Trinity,1649.61,B,28.76,1593.24,1705.98,28,259,222,1,482
228,CAMPER_M:Nick,1643.76,B,28.66,1587.58,1699.95,25,258,225,0,483
229,BLACKBELT2:Riccardo,1639.18,B,28.69,1582.96,1695.41,26,257,226,0,483
230,COOLTRAINER_M7:Emir,1634.58,B,28.71,1578.31,1690.85,25,256,227,0,483
231,POKEMONBREEDER_M2:Pechapanda,1634.58,B,28.71,1578.31,1690.85,25,256,227,0,483
232,MASKEDVILLAIN:Crimson#2,1629.96,B,28.73,1573.64,1686.27,25,255,228,0,483
233,HIKER2:Rhys,1620.65,B,28.78,1564.25,1677.06,27,253,230,0,483
234,SWIMMER_F6:Kiana,1620.65,B,28.78,1564.25,1677.06,27,253,230,0,483
235,TRAINER_Alessa:Alessa#5,1620.65,B,28.78,1564.25,1677.06,27,253,230,0,483
236,BEAUTY4:Brunhilda,1615.97,B,28.8,1559.52,1672.42,26,252,231,0,483
237,CLERK_M:Scott,1615.97,B,28.8,1559.52,1672.42,26,252,231,0,483
238,SWIMMER_F5:Shreya,1611.27,B,28.82,1554.78,1667.76,26,251,232,0,483
239,ELDER:Huy,1601.82,B,28.87,1545.24,1658.4,24,249,234,0,483
240,KIMONOGIRL:Chiyo,1601.82,B,28.87,1545.24,1658.4,24,249,234,0,483
241,SWIMMER_F2:Astrid,1597.07,B,28.89,1540.45,1653.7,25,248,235,0,483
242,BIKER:Knoxx,1592.31,B,28.91,1535.64,1648.98,24,247,236,0,483
243,DOCTOR:Renaldo,1587.53,B,28.93,1530.82,1644.24,24,246,237,0,483
244,MEDIUM:Paula,1583.38,B,29.02,1526.5,1640.26,25,245,237,1,483
245,OFFICEWORKER_M:Kurt,1573.11,B,29.0,1516.27,1629.95,24,243,240,0,483
246,VETERANM:Yoshihiro,1573.11,B,29.0,1516.27,1629.95,24,243,240,0,483
247,SWIMMER_F4:Yvonne,1568.28,B,29.02,1511.4,1625.16,26,242,241,0,483
248,SAILOR2:Angelo,1558.58,B,29.06,1501.62,1615.55,22,240,243,0,483
249,YOUNGSTER2:Davor,1558.58,B,29.06,1501.62,1615.55,22,240,243,0,483
250,CAMPER_F:Tanya,1553.71,B,29.13,1496.62,1610.81,23,239,243,1,483
251,BLACKBELT:Santiago,1543.99,B,29.17,1486.81,1601.17,25,237,245,1,483
252,GENTLEMAN:Nicholas,1543.96,B,29.13,1486.87,1601.06,25,237,246,0,483
253,RICHBOY3:Ryan,1529.27,B-,29.19,1472.06,1586.49,23,234,249,0,483
254,SWIMMER_M3:Diego,1529.27,B-,29.19,1472.06,1586.49,23,234,249,0,483
255,ANCIENTPRIEST:Kazmilos,1524.36,B-,29.21,1467.11,1581.62,22,233,250,0,483
256,SCHOOLKID_F3:Dinah,1524.36,B-,29.21,1467.11,1581.62,22,233,250,0,483
257,CHALLENGER_Vanya:Vanya#5,1519.45,B-,29.23,1462.15,1576.74,24,232,251,0,483
258,ARTIST4:Rabah,1514.53,B-,29.25,1457.19,1571.86,23,231,252,0,483
259,PILOT:Charlie,1514.53,B-,29.25,1457.19,1571.86,23,231,252,0,483
260,GENTLEMAN3:D,1504.67,B-,29.29,1447.26,1562.08,23,229,254,0,483
261,ANCIENTPRIEST:Dobromil,1499.74,B-,29.31,1442.29,1557.19,21,228,255,0,483
262,BACKERS_M:Yanko and Orlando,1499.74,B-,29.31,1442.29,1557.19,21,228,255,0,483
263,TEENAGERM:Burke,1494.8,B-,29.33,1437.31,1552.29,20,227,256,0,483
264,RUINMANIAC2:Nabil,1493.96,B-,29.4,1436.34,1551.58,20,226,256,1,483
265,COOLTRAINER_F:Reina,1489.86,B-,29.35,1432.33,1547.39,20,226,257,0,483
266,MAID2:Maddie,1489.86,B-,29.35,1432.33,1547.39,20,226,257,0,483
267,BEAUTY6:Brenda,1475.03,B-,29.41,1417.4,1532.66,20,223,260,0,483
268,WORKER3:Bruce,1465.14,B-,29.44,1407.43,1522.84,19,221,262,0,483
269,YOUNGSTER:Buzim,1464.17,B-,29.51,1406.33,1522.01,19,220,262,1,483
270,TUBER_F2:Hana,1460.19,B-,29.46,1402.45,1517.93,21,220,263,0,483
271,LASS:Rovina,1455.24,B-,29.48,1397.47,1513.02,19,219,264,0,483
272,JUGGLER:Mikael,1425.58,B-,29.58,1367.61,1483.54,15,213,270,0,483
273,CYCLIST_F2:Lukka,1420.64,B-,29.59,1362.64,1478.64,16,212,271,0,483
274,FIREBREATHER:Bradley,1415.7,B-,29.61,1357.67,1473.73,16,211,272,0,483
275,RUINMANIAC:Matteo,1415.7,B-,29.61,1357.67,1473.73,16,211,272,0,483
276,ANCIENTPRIEST:Chestibor,1410.76,B-,29.62,1352.7,1468.82,16,210,273,0,483
277,POKEMONBREEDER_F4:Sara,1404.72,B-,29.71,1346.5,1462.94,19,208,274,1,483
278,BAKER:Margerie,1404.62,B-,29.71,1346.38,1462.85,19,208,274,1,483
279,ARTIST3_GHOST:Alicynthia,1403.87,B-,29.73,1345.59,1462.14,19,208,274,1,483
280,TRAINER_Zain:Zain,1386.11,B-,29.69,1327.91,1444.31,21,205,278,0,483
281,REPORTER:Pesha,1371.35,C+,29.73,1313.07,1429.63,24,202,281,0,483
282,SCHOOLKID_GHOST:Honesty,1371.35,C+,29.73,1313.07,1429.63,24,202,281,0,483
283,COOLTRAINER_F7:Blaire,1365.03,C+,29.83,1306.56,1423.49,25,200,282,1,483
284,DANDY:Jules,1361.52,C+,29.76,1303.19,1419.85,24,200,283,0,483
285,ARTIST2:Frank,1351.7,C+,29.79,1293.31,1410.08,23,198,285,0,483
286,JUGGLER:Youcef,1351.7,C+,29.79,1293.31,1410.08,23,198,285,0,483
287,RUINMANIAC:Colby,1351.7,C+,29.79,1293.31,1410.08,23,198,285,0,483
288,SWIMMER_F3:Bree,1351.7,C+,29.79,1293.31,1410.08,23,198,285,0,483
289,AROMALADY3:Henrietta,1346.79,C+,29.8,1288.38,1405.2,24,197,286,0,483
290,BACKPACKER_F:Mia,1342.64,C+,29.97,1283.9,1401.37,21,195,286,2,483
291,ARTIFICIALTRAINER:Solitaire,1336.98,C+,29.82,1278.53,1395.44,21,195,288,0,483
292,HEXMANIAC_GHOST:Juno,1332.08,C+,29.84,1273.6,1390.56,23,194,289,0,483
293,TRAINER_Alessa:Alessa#2,1332.08,C+,29.84,1273.6,1390.56,23,194,289,0,483
294,ARTIST3:Frida,1327.19,C+,29.85,1268.68,1385.69,23,193,290,0,483
295,WORKER6:Paul,1327.19,C+,29.85,1268.68,1385.69,23,193,290,0,483
296,COOLTRAINER_F7:Milja,1322.29,C+,29.86,1263.76,1380.82,23,192,291,0,483
297,CLERK_F:Rosalie,1312.51,C+,29.88,1253.93,1371.08,22,190,293,0,483
298,LASS3:Carmen,1312.51,C+,29.88,1253.93,1371.08,22,190,293,0,483
299,CHALLENGER_Vanya:Vanya#4,1297.85,C+,29.92,1239.2,1356.49,23,187,296,0,483
300,GENTLEMAN3:Oliver,1296.1,C+,30.01,1237.28,1354.92,23,186,296,1,483
301,DITTO_PROTRAINER:Xandevon,1292.96,C+,29.93,1234.3,1351.63,19,186,297,0,483
302,BATTLEGIRL2:Yumei,1275.14,C+,30.13,1216.08,1334.19,19,181,300,2,483
303,POKEMONRANGER_M3:Grant,1274.3,C+,30.04,1215.41,1333.19,19,182,300,1,483
304,BEAUTY:Kryssa,1271.42,C+,30.08,1212.47,1330.38,17,181,301,1,483
305,SCIENTIST_M5:Sonatane,1254.94,C+,30.1,1195.95,1313.93,17,178,304,1,483
306,CYCLIST_F:Anastasia,1249.1,C,30.04,1190.22,1307.98,18,177,306,0,483
307,PUNKM:Vlad,1244.23,C,30.05,1185.33,1303.14,19,176,307,0,483
308,WORKER3:Seamus,1244.23,C,30.05,1185.33,1303.14,19,176,307,0,483
309,SUPERNERD:John,1229.65,C,30.09,1170.67,1288.64,22,173,310,0,483
310,CEO:Beatrice,1224.79,C,30.11,1165.78,1283.81,25,172,311,0,483
311,ARTIST:Arnold,1216.31,C,30.21,1157.1,1275.51,27,170,312,1,483
312,BEAUTY3:Ester,1210.23,C,30.15,1151.14,1269.33,25,169,314,0,483
313,TRAINER_Candy:Candy,1210.23,C,30.15,1151.14,1269.33,25,169,314,0,483
314,WORKER2:Hugo,1199.13,C,30.36,1139.62,1258.63,26,166,315,2,483
315,COLLECTOR:Mirko,1195.69,C,30.2,1136.51,1254.87,25,166,317,0,483
316,SKIER_F:Natalia,1195.69,C,30.2,1136.51,1254.87,25,166,317,0,483
317,BIRDKEEPER_M:Kendall,1190.62,C,30.35,1131.14,1250.1,27,164,317,2,483
318,BATTLEGIRL:Tester,1185.33,C,30.26,1126.02,1244.64,27,163,319,1,483
319,POKEMONBREEDER_M4:Isaac,1184.29,C,30.31,1124.88,1243.71,25,163,319,1,483
320,POKEFAN_F:Impi,1178.76,C,30.35,1119.27,1238.25,27,162,320,1,483
321,VETERANM_2:Hadley,1176.33,C,30.26,1117.02,1235.64,27,162,321,0,483
322,JANITOR:Eric,1175.65,C,30.45,1115.96,1235.33,27,161,320,2,483
323,IDOL:Teagan,1171.49,C,30.28,1112.15,1230.84,28,161,322,0,483
324,TUBER_M:Derek,1171.49,C,30.28,1112.15,1230.84,28,161,322,0,483
325,SCIENTIST_F:Zofia,1168.5,C,30.38,1108.96,1228.04,28,160,322,1,483
326,GUITARIST3:Jamie,1166.66,C,30.3,1107.28,1226.04,31,160,323,0,483
327,SWIMMER_M4:Jan,1166.66,C,30.3,1107.28,1226.04,31,160,323,0,483
328,CAMPER_F:Veronica,1161.83,C,30.31,1102.42,1221.24,30,159,324,0,483
329,ROUGHNECK:Reese,1159.93,C,30.41,1100.32,1219.53,30,158,324,1,483
330,COOLTRAINER_F3:Leah,1152.18,C,30.35,1092.69,1211.66,32,157,326,0,483
331,TRAINER_Keoni:Keoni#1,1142.53,C,30.39,1082.97,1202.1,32,155,328,0,483
332,CAMERAMAN2:Octavio,1136.16,C,30.49,1076.4,1195.93,32,153,329,1,483
333,GUITARIST2:Alan,1132.9,C,30.43,1073.26,1192.54,30,153,330,0,483
334,POKEMONTRAINER_Yezera:Yezera#4,1128.09,C,30.45,1068.41,1187.77,30,152,331,0,483
335,DRAGONTAMER:Georgius#1,1123.28,C,30.47,1063.55,1183.01,31,151,332,0,483
336,LASS2:Faye,1123.28,C,30.47,1063.55,1183.01,31,151,332,0,483
337,PSYCHIC_M3:Boban,1114.89,C-,30.58,1054.96,1174.83,31,149,333,1,483
338,SCIENTIST_M2:Marco,1109.28,C-,30.74,1049.03,1169.53,32,147,334,2,483
339,DOCTOR:Peio,1108.87,C-,30.54,1049.01,1168.72,32,148,335,0,483
340,LADY3:Kristiane,1108.87,C-,30.54,1049.01,1168.72,32,148,335,0,483
341,ROUGHNECK:Randall,1108.87,C-,30.54,1049.01,1168.72,32,148,335,0,483
342,BIKER2:Chuck,1099.27,C-,30.59,1039.32,1159.22,30,146,337,0,483
343,ROUGHNECK2:Flavio,1099.27,C-,30.59,1039.32,1159.22,30,146,337,0,483
344,COWGIRL:Sasha,1094.47,C-,30.61,1034.48,1154.47,31,145,338,0,483
345,NURSERYAIDE:Francesca,1089.68,C-,30.64,1029.63,1149.73,30,144,339,0,483
346,HARLEQUIN:Vincenzi#1,1084.89,C-,30.66,1024.79,1144.99,31,143,340,0,483
347,SWIMMER_M:Stannis,1080.1,C-,30.69,1019.96,1140.25,31,142,341,0,483
348,SMASHER:Stella,1070.53,C-,30.74,1010.28,1130.79,30,140,343,0,483
349,TWINS2:Bella and Meghan,1067.94,C-,30.86,1007.46,1128.43,31,139,343,1,483
350,CLOWN:Dimesmart,1066.14,C-,30.97,1005.44,1126.85,30,138,343,2,483
351,SAILOR2:Noah,1065.75,C-,30.77,1005.44,1126.06,30,139,344,0,483
352,SWIMMER_M2:Finn,1063.14,C-,30.89,1002.6,1123.68,30,138,344,1,483
353,PSYCHIC_M2:Rohan,1056.19,C-,30.82,995.77,1116.61,28,137,346,0,483
354,SAGE:Rennyo#1,1056.19,C-,30.82,995.77,1116.61,28,137,346,0,483
355,BURGLAR:Keith,1051.41,C-,30.85,990.94,1111.89,28,136,347,0,483
356,LEADER_Zoe:Zoé,1051.41,C-,30.85,990.94,1111.89,28,136,347,0,483
357,BIRDKEEPER_M2:Bernhard,1049.83,C-,31.03,989.0,1110.65,29,135,346,2,483
358,WAITRESS:Carmilla,1046.63,C-,30.88,986.1,1107.17,25,135,348,0,483
359,WORKER:Bryn,1046.63,C-,30.88,986.1,1107.17,25,135,348,0,483
360,GARDENER:Jacek,1039.33,C-,31.03,978.5,1100.16,26,133,349,1,483
361,SCIENTIST_F3:Viola,1037.08,C-,30.94,976.43,1097.73,24,133,350,0,483
362,LINEBACKER:Lorenzo,1029.18,C-,31.08,968.26,1090.1,23,131,351,1,483
363,LEADER_Bence:Bence,1022.75,C-,31.04,961.92,1083.59,21,130,353,0,483
364,SCIENTIST_M:Julien,1013.27,C-,31.31,951.9,1074.65,24,127,354,2,483
365,BATTLEGIRL3:Kryska,1008.42,C-,31.14,947.39,1069.44,23,127,356,0,483
366,BEAUTY:Gretchen,994.06,C-,31.24,932.83,1055.29,20,124,359,0,483
367,CAMPER:Liam,989.27,C-,31.28,927.97,1050.57,19,123,360,0,483
368,SAILOR:Konrad,979.67,C-,31.35,918.23,1041.11,16,121,362,0,483
369,SAGE:Shion,960.41,D+,31.5,898.67,1022.15,15,117,366,0,483
370,GUITARIST2:Brady,956.8,D+,31.6,894.86,1018.74,16,116,366,1,483
371,CHALLENGER_Vanya:Vanya#3,955.58,D+,31.54,893.76,1017.39,16,116,367,0,483
372,POKEMONRANGER_M2:Martel,954.21,D+,31.75,891.99,1016.44,16,115,366,2,483
373,LEADER_Rafael:Rafael,941.02,D+,31.66,878.97,1003.07,17,113,370,0,483
374,CAMERAMAN:Marcel,936.15,D+,31.7,874.02,998.28,19,112,371,0,483
375,COLLECTOR:Emre,936.15,D+,31.7,874.02,998.28,19,112,371,0,483
376,POKEMANIAC:Nikos,931.27,D+,31.74,869.06,993.48,18,111,372,0,483
377,DITTO_RANGER:Hannamy,916.54,D+,31.87,854.08,979.0,19,108,375,0,483
378,DITTO_CAMPER:Johnate,911.6,D+,31.91,849.05,974.15,20,107,376,0,483
379,DITTO_HIKER:Kevinick,901.67,D+,32.0,838.95,964.4,21,105,378,0,483
380,DITTO_AROMALADY:Cindalice,896.69,D+,32.05,833.87,959.5,20,104,379,0,483
381,ROUGHNECK2:Robert,891.68,D+,32.09,828.78,954.58,18,103,380,0,483
382,CLERK_M2:Alejandro,886.65,D+,32.14,823.66,949.64,18,102,381,0,483
383,NURSE:Ellen,881.6,D+,32.19,818.51,944.69,18,101,382,0,483
384,POKEFAN_F3:Margaret,876.53,D+,32.24,813.35,939.71,18,100,383,0,483
385,SCIENTIST_F:Natasha,876.53,D+,32.24,813.35,939.71,18,100,383,0,483
386,BOARDER:Lev,866.32,D+,32.33,802.95,929.7,17,98,385,0,483
387,COOLTRAINER_F7:Jade,866.32,D+,32.33,802.95,929.7,17,98,385,0,483
388,DELINQUENT:Jeralyn,866.32,D+,32.33,802.95,929.7,17,98,385,0,483
389,TRAINER_Eifion:Eifion,850.82,D+,32.49,787.14,914.5,19,95,388,0,483
390,LEADER_Helena:Helena,845.6,D+,32.54,781.82,909.38,18,94,389,0,483
391,BOARDER:Alex,824.41,D,32.76,760.2,888.63,20,90,393,0,483
392,POKEMONRANGER_F:Val,813.62,D,32.88,749.18,878.07,23,88,395,0,483
393,JOGGER:Georgio,808.18,D,32.94,743.61,872.74,22,87,396,0,483
394,POKEMANIAC:Paris,808.18,D,32.94,743.61,872.74,22,87,396,0,483
395,CLERK_M2:Zoltan,797.17,D,33.06,732.37,861.97,23,85,398,0,483
396,SKIER_F2:Valeriya,797.17,D,33.06,732.37,861.97,23,85,398,0,483
397,KIMONOGIRL:Haera,791.61,D,33.13,726.68,856.54,23,84,399,0,483
398,CLOWN:Klemens,774.68,D,33.32,709.37,840.0,22,81,402,0,483
399,PARASOLLADY:Clarissa,769.17,D,33.43,703.65,834.7,22,80,402,1,483
400,CHALLENGER_Vanya:Vanya#2,766.33,D,33.56,700.56,832.11,23,79,403,1,483
401,BUGCATCHER_F:Lovina,763.18,D,33.46,697.59,828.77,23,79,404,0,483
402,TEACHER:Hilde,763.18,D,33.46,697.59,828.77,23,79,404,0,483
403,AROMALADY:Cheshire,757.36,D,33.53,691.64,823.09,23,78,405,0,483
404,BACKPACKER_F:Aiyana,757.36,D,33.53,691.64,823.09,23,78,405,0,483
405,BIRDKEEPER_F:Amanda,757.36,D,33.53,691.64,823.09,23,78,405,0,483
406,NINJABOY:Hwan,757.36,D,33.53,691.64,823.09,23,78,405,0,483
407,POKEMONRANGER_M2:Connor,757.36,D,33.53,691.64,823.09,23,78,405,0,483
408,POKEMONTRAINER_Yezera:Yezera#2,745.59,D,33.68,679.57,811.61,25,76,407,0,483
409,VETERAN_F:Genevieve,742.34,D,33.86,675.97,808.72,26,75,407,1,483
410,POKEMONRANGER_M:Ivan,739.63,D,33.76,673.46,805.8,24,75,408,0,483
411,REPORTER:Helga,739.63,D,33.76,673.46,805.8,24,75,408,0,483
412,CYCLIST_M:Mitron,737.26,D,33.93,670.76,803.75,24,74,408,1,483
413,CAMPER:Christian,715.27,D,34.09,648.46,782.08,25,71,412,0,483
414,GUITARIST3:Mai,702.77,D,34.26,635.61,769.92,30,69,414,0,483
415,TRAINER_Alessa:Alessa#1,696.43,D-,34.35,629.1,763.77,28,68,415,0,483
416,DANDY:Charles,690.04,D-,34.45,622.53,757.56,26,67,416,0,483
417,BACKPACKER_M:Freedom,683.59,D-,34.54,615.89,751.3,21,66,417,0,483
418,CHALLENGER_Vanya:Vanya#1,679.68,D-,34.75,611.57,747.78,22,65,417,1,483
419,POKEFAN_F2:Tsveta,677.08,D-,34.64,609.18,744.98,21,65,418,0,483
420,LEADER_Eko:Eko,670.51,D-,34.74,602.41,738.61,19,64,419,0,483
421,TOURISTF:Mariana,670.51,D-,34.74,602.41,738.61,19,64,419,0,483
422,YOUNGSTER3:Sorin,670.51,D-,34.74,602.41,738.61,19,64,419,0,483
423,WORKER:Kevin,663.88,D-,34.85,595.58,732.18,18,63,420,0,483
424,CLERK_M2:Marton,643.6,D-,35.18,574.65,712.55,21,60,423,0,483
425,POKEMONRANGER_F2:Amahle,643.6,D-,35.18,574.65,712.55,21,60,423,0,483
426,BEAUTY2:Enisa,636.71,D-,35.29,567.53,705.89,22,59,424,0,483
427,HOOPSTER:Jerel,636.71,D-,35.29,567.53,705.89,22,59,424,0,483
428,LASS:Tara,636.71,D-,35.29,567.53,705.89,22,59,424,0,483
429,PSYCHIC_F2:Ludmila,636.71,D-,35.29,567.53,705.89,22,59,424,0,483
430,POKEKID:Braden,612.66,D-,35.88,542.34,682.99,20,55,427,1,483
431,TRAINER_Imogene_B:Imogene,608.48,D-,35.79,538.32,678.64,20,55,428,0,483
432,FAIRYTALEGIRL:Maja,586.57,D-,36.21,515.6,657.54,19,52,431,0,483
433,IDOL:Ishizu,586.57,D-,36.21,515.6,657.54,19,52,431,0,483
434,BURGLAR:Barret,579.12,D-,36.36,507.86,650.38,19,51,432,0,483
435,MEDIUM:Theoni,579.12,D-,36.36,507.86,650.38,19,51,432,0,483
436,SCHOOLKID_F:Arya,571.6,D-,36.51,500.04,643.15,19,50,433,0,483
437,BLACKBELT3:Philip,559.55,D-,36.93,487.16,631.94,16,48,434,1,483
438,DRAGONTAMER:Georgius,548.58,F,36.99,476.08,621.08,17,47,436,0,483
439,COOLTRAINER_M7:Xander,540.75,F,37.16,467.91,613.58,18,46,437,0,483
440,MAID:Alice,537.27,F,37.42,463.92,610.62,18,45,437,1,483
441,CLERK_F:Lily,532.84,F,37.34,459.66,606.02,17,45,438,0,483
442,TEENAGERF:Naomi,532.84,F,37.34,459.66,606.02,17,45,438,0,483
443,TRAINER_Alessa:Alessa,532.84,F,37.34,459.66,606.02,17,45,438,0,483
444,GAMBLER:Gregor,500.41,F,38.1,425.74,575.08,18,41,442,0,483
445,LINEBACKER:Josh,500.41,F,38.1,425.74,575.08,18,41,442,0,483
446,SCHOOLKID_M:Louis,495.78,F,38.41,420.49,571.07,18,40,442,1,483
447,TRAINER_Keoni:Keoni,480.47,F,38.79,404.44,556.51,19,38,444,1,483
448,RICHBOY2:Theodore,475.2,F,38.73,399.28,551.12,19,38,445,0,483
449,SCHOOLKID_M2:Branimir,466.63,F,38.96,390.26,542.99,18,37,446,0,483
450,RUINMANIAC:Spencer,449.2,F,39.43,371.91,526.49,15,35,448,0,483
451,SCIENTIST_F:Marie,449.2,F,39.43,371.91,526.49,15,35,448,0,483
452,BAKER:Rose,440.34,F,39.68,362.56,518.12,16,34,449,0,483
453,CHEF:Travis,440.34,F,39.68,362.56,518.12,16,34,449,0,483
454,SAGE:Imay,440.34,F,39.68,362.56,518.12,16,34,449,0,483
455,POKEFAN_M:Jamie,422.35,F,40.21,343.54,501.15,17,32,451,0,483
456,POKEMONTRAINER_Yezera:Yezera,413.2,F,40.48,333.85,492.54,16,31,452,0,483
457,SCIENTIST_M2:Dexter,413.2,F,40.48,333.85,492.54,16,31,452,0,483
458,HARLEQUIN:Vincenzi,388.75,F,41.49,307.42,470.08,16,28,454,1,483
459,CHALLENGER_Vanya:Vanya,385.11,F,41.37,304.02,466.19,15,28,455,0,483
460,TRAINER_Imogene_A:Imogene,365.73,F,42.02,283.37,448.08,14,26,456,1,483
461,LEADER_Lambert:Lambert,355.98,F,42.36,272.95,439.0,12,25,458,0,483
462,DANCER:Isai,335.92,F,43.08,251.47,420.36,12,23,460,0,483
463,SOCIALITE:Elizabeth,335.92,F,43.08,251.47,420.36,12,23,460,0,483
464,LASS4:Chloe,315.29,F,43.87,229.3,401.27,13,21,462,0,483
465,TEENAGERM:Jonas,315.29,F,43.87,229.3,401.27,13,21,462,0,483
466,GUITARIST:Reece,294.02,F,44.73,206.36,381.69,12,19,464,0,483
467,PSYCHIC_M:Uriel,283.14,F,45.19,194.57,371.7,13,18,465,0,483
468,HIKER2:Jude,260.79,F,46.17,170.29,351.28,14,16,467,0,483
469,BATTLEGIRL:Eliza,249.3,F,46.7,157.77,340.84,14,15,468,0,483
470,SAGE:Rennyo,249.3,F,46.7,157.77,340.84,14,15,468,0,483
471,SAILOR:Dylan,237.6,F,47.26,144.96,330.23,13,14,469,0,483
472,FIREBREATHER:Antonio,213.45,F,48.48,118.43,308.47,12,12,471,0,483
473,ARTIST:Evan,200.98,F,49.14,104.65,297.3,12,11,472,0,483
474,AROMALADY:Hannah,188.21,F,49.85,90.51,285.92,15,10,473,0,483
475,LADY2:Rebecca,175.14,F,50.6,75.96,274.32,15,9,474,0,483
476,ROLLERSKATER_M:Lane Tester,175.14,F,50.6,75.96,274.32,15,9,474,0,483
477,TUBER_M:Peter,147.96,F,52.27,45.52,250.4,15,7,476,0,483
478,TUBER_F:Sophie,133.81,F,53.19,29.56,238.07,13,6,477,0,483
479,BUGCATCHER_F:Caitlyn,104.26,F,55.26,-4.06,212.57,11,4,479,0,483
480,GENTLEMAN:Wilfrid,104.26,F,55.26,-4.06,212.57,11,4,479,0,483
481,NINJABOY:Matthew,104.26,F,55.26,-4.06,212.57,11,4,479,0,483
482,YOUNGSTER:Harvey,104.26,F,55.26,-4.06,212.57,11,4,479,0,483
483,LASS2:Sienna,88.79,F,56.43,-21.81,199.4,10,3,480,0,483
484,HIKER:Dave,56.34,F,59.07,-59.45,172.12,7,1,482,0,483
